,Equity,Commodity,Cash,Bond,phase,clock_says_hold,actual_best_this_month,matches_clock_conclusion,nber_recession
1973-04,-0.0473847149919089,-0.0016841342486652,-0.0016841342486652,0.001469069412662,Stagflation,Cash,Bond,False,Expansion
1973-05,-0.0233536164205001,0.0007200455580866,0.0007200455580866,-0.0115653948367501,Stagflation,Cash,Commodity,False,Expansion
1973-06,-0.0133172170173937,-0.00083633107089,-0.00083633107089,-0.0045939856711918,Stagflation,Cash,Commodity,False,Expansion
1973-07,0.0379819585971075,0.0066749999999999,0.0066749999999999,-0.0103499999999999,Stagflation,Cash,Equity,False,Expansion
1973-08,-0.0538101505114603,0.1962476167290885,-0.0106812222222221,-0.0305057407407407,Stagflation,Cash,Commodity,False,Expansion
1973-09,0.0354937318250696,0.0024529867256637,0.0024529867256637,0.0233185840707965,Stagflation,Cash,Equity,False,Expansion
1973-10,-0.0100517538994151,-0.0028080409356726,-0.0028080409356726,0.0179003654970759,Stagflation,Cash,Bond,False,Expansion
1973-11,-0.1196527034630083,-5.3594771241893824e-05,-5.3594771241893824e-05,0.0032579520697166,Overheat,Commodity,Bond,False,Expansion
1973-12,0.0077869880076657,-0.0024846112311013,-0.0024846112311013,-0.0037733801295896,Overheat,Commodity,Equity,False,Recession
1974-01,-0.0206225941565224,1.3270525000247888,-0.0042779380341879,-0.0224401353276353,Overheat,Commodity,Commodity,True,Recession
1974-02,-0.0141568108840698,-0.0047002114164904,-0.0047002114164904,-0.002729598308668,Overheat,Commodity,Bond,False,Recession
1974-03,-0.0334966976855103,-0.0038963040446303,-0.0038963040446303,-0.0220378661087865,Stagflation,Cash,Commodity,False,Recession
1974-04,-0.0450443675799731,0.0006613652113649,0.0006613652113649,-0.02113516978517,Stagflation,Cash,Commodity,False,Recession
1974-05,-0.0434939791801123,-0.0035002914951988,-0.0035002914951988,-0.0089437071330589,Stagflation,Cash,Commodity,False,Recession
1974-06,-0.0227089782692978,-0.0016336734693876,-0.0016336734693876,0.0008789795918366,Stagflation,Cash,Bond,False,Recession
1974-07,-0.0834025472024402,0.0001681879648411,0.0001681879648411,-0.0186250845165651,Stagflation,Cash,Commodity,False,Recession
1974-08,-0.1012171399358784,-0.0046471609886438,-0.0046471609886438,-0.0215003841015363,Stagflation,Cash,Commodity,False,Recession
1974-09,-0.1315178417192539,-0.0072102437417655,-0.0072102437417655,-0.0072266798418973,Stagflation,Cash,Commodity,False,Recession
1974-10,0.153924970323011,0.1013677688563063,-0.0016752287581698,0.008527450980392,Stagflation,Cash,Equity,False,Recession
1974-11,-0.062372403385711,-0.0035441747572816,-0.0035441747572816,0.0120611650485438,Stagflation,Cash,Bond,False,Recession
1974-12,-0.0277033640158419,-0.0017947174052664,-0.0017947174052664,0.0160086705202313,Stagflation,Cash,Bond,False,Recession
1975-01,0.1142247503115858,-0.0024714149139579,-0.0024714149139579,-0.006366395793499,Stagflation,Cash,Equity,False,Recession
1975-02,0.0538406159493507,-0.0011462294043094,-0.0011462294043094,0.0081670152091253,Stagflation,Cash,Equity,False,Recession
1975-03,0.0178238357600719,0.0007697916666666,0.0007697916666666,-0.021362720959596,Stagflation,Cash,Equity,False,Recession
1975-04,0.0433129611467115,0.0008837735849054,0.0008837735849054,-0.0322241509433962,Reflation,Bond,Equity,False,Expansion
1975-05,0.0421344913195007,0.0024668863779031,0.0024668863779031,0.0168397677338352,Reflation,Bond,Equity,False,Expansion
1975-06,0.0365145354577907,-0.0030599065420561,-0.0030599065420561,0.0130851401869158,Reflation,Bond,Equity,False,Expansion
1975-07,-0.0762870208469155,-0.0041982253086418,-0.0041982253086418,-0.0166402777777776,Reflation,Bond,Commodity,False,Expansion
1975-08,-0.024682739632125,0.0016568265682657,0.0016568265682657,-0.020710332103321,Reflation,Bond,Commodity,False,Expansion
1975-09,-0.041717620579771,-0.0020152014652013,-0.0020152014652013,-0.0024619047619045,Reflation,Bond,Commodity,False,Expansion
1975-10,0.0558416672650474,-0.0005249544626594,-0.0005249544626594,0.0217112021857923,Recovery,Equity,Equity,True,Expansion
1975-11,0.0172959693870673,-0.0026996383363472,-0.0026996383363472,0.0057554249547921,Recovery,Equity,Equity,True,Expansion
1975-12,-0.0168416501771315,-0.0008868105515589,-0.0008868105515589,0.004757568944844,Recovery,Equity,Bond,False,Expansion
1976-01,0.1142975109365442,0.0004595579450417,0.0004595579450417,0.0211933094384706,Recovery,Equity,Equity,True,Expansion
1976-02,-0.013170470049829,0.0800880143112698,0.0022704830053665,0.0011558139534884,Recovery,Equity,Commodity,False,Expansion
1976-03,0.0288484578663821,0.0081819075822346,0.0023735119047618,0.0088868601190472,Recovery,Equity,Equity,True,Expansion
1976-04,-0.0127583318648156,0.0080350613573756,0.0022602495543673,0.0165264408793821,Recovery,Equity,Bond,False,Expansion
1976-05,-0.0196071570099244,-0.0010088652482269,-0.0010088652482269,-0.0227260638297872,Recovery,Equity,Commodity,False,Expansion
1976-06,0.0354187705931807,-0.0008065255731923,-0.0008065255731923,0.0040426807760138,Recovery,Equity,Equity,True,Expansion
1976-07,-0.0132759629802237,-0.0009277631578948,-0.0009277631578948,0.0033413157894737,Recovery,Equity,Bond,False,Expansion
1976-08,-0.0103325075866463,-0.0009746945898777,-0.0009746945898777,0.0054332460732984,Recovery,Equity,Bond,False,Expansion
1976-09,0.0173148299424501,0.140415406880535,-0.0009970486111112,0.013767317708333,Recovery,Equity,Commodity,False,Expansion
1976-10,-0.0273009979654086,-0.001102590673575,-0.001102590673575,0.0136455958549224,Reflation,Bond,Bond,True,Expansion
1976-11,-0.0111901460084246,0.0005023666092942,0.0005023666092942,0.011082487091222,Reflation,Bond,Bond,True,Expansion
1976-12,0.0470908926441175,-0.0015306078767123,-0.0015306078767123,0.0301557791095892,Reflation,Bond,Equity,False,Expansion
1977-01,-0.0553829182070308,-0.0012804088586032,-0.0012804088586032,-0.0230933560477002,Recovery,Equity,Commodity,False,Expansion
1977-02,-0.0315591713858948,-0.0062657532321529,-0.0062657532321529,-0.0166430157391793,Reflation,Bond,Commodity,False,Expansion
1977-03,-0.018988220867769,-0.00121951901566,-0.00121951901566,-0.003781557606264,Reflation,Bond,Commodity,False,Expansion
1977-04,-0.0064647675504888,-0.0029085555555554,-0.0029085555555554,0.0057665555555557,Overheat,Commodity,Bond,False,Expansion
1977-05,-0.0268116130299044,0.000797342192691,0.000797342192691,-0.0034800664451828,Overheat,Commodity,Commodity,True,Expansion
1977-06,0.0401763685962714,-0.0007960881542699,-0.0007960881542699,0.0137646831955924,Overheat,Commodity,Equity,False,Expansion
1977-07,-0.0210763486769296,-0.000630550986842,-0.000630550986842,-0.0023802083333333,Overheat,Commodity,Commodity,True,Expansion
1977-08,-0.0258486694002741,0.0676523025115094,-0.0003574468085107,-0.003707583196945,Overheat,Commodity,Commodity,True,Expansion
1977-09,-0.0057346365897451,0.0015632272974444,0.0015632272974444,0.0070702011963026,Overheat,Commodity,Bond,False,Expansion
1977-10,-0.0480649567435216,0.0002382034632033,0.0002382034632033,-0.0113218885281386,Recovery,Equity,Commodity,False,Expansion
1977-11,0.0203400379491589,-0.0014010752688172,-0.0014010752688172,-0.0043982795698928,Reflation,Bond,Equity,False,Expansion
1977-12,-0.0019819547750496,0.0002185660781166,0.0002185660781166,-0.0061920813269128,Reflation,Bond,Commodity,False,Expansion
1978-01,-0.0675013308890702,-0.0010471557682084,-0.0010471557682084,-0.0187915603402446,Recovery,Equity,Commodity,False,Expansion
1978-02,-0.0294058854824481,0.0005874999999999,0.0005874999999999,-0.0030368253968252,Overheat,Commodity,Commodity,True,Expansion
1978-03,0.0184646029537847,-0.0011005520504732,-0.0011005520504732,-0.0003552839116717,Stagflation,Cash,Equity,False,Expansion
1978-04,0.0769233782206937,-0.002624074074074,-0.002624074074074,-0.0088169014084508,Stagflation,Cash,Equity,False,Expansion
1978-05,-0.0051075294598362,-0.0040103488372092,-0.0040103488372092,-0.0164436046511626,Reflation,Bond,Commodity,False,Expansion
1978-06,-0.0251423825857538,-0.0021271153846152,-0.0021271153846152,-0.0084282692307693,Recovery,Equity,Commodity,False,Expansion
1978-07,0.0458646703780578,-0.0018365139949108,-0.0018365139949108,-0.0131412213740457,Overheat,Commodity,Equity,False,Expansion
1978-08,0.0196965700700844,-0.0002056145675265,-0.0002056145675265,0.0170887708649467,Overheat,Commodity,Equity,False,Expansion
1978-09,-0.0162181520548269,-0.0025399122807017,-0.0025399122807017,-0.0027711403508771,Overheat,Commodity,Commodity,True,Expansion
1978-10,-0.0996970472845695,-0.0023430824639839,-0.0023430824639839,-0.0172502483854942,Stagflation,Cash,Commodity,False,Expansion
1978-11,0.0106152467961888,0.0012314074074073,0.0012314074074073,-0.0105980740740742,Stagflation,Cash,Equity,False,Expansion
1978-12,0.0089104341995349,0.0016310751104564,0.0016310751104564,-0.0125101251840943,Overheat,Commodity,Equity,False,Expansion
1979-01,0.0306388555132419,-0.0010357055961069,-0.0010357055961069,-0.0075613746958638,Overheat,Commodity,Equity,False,Expansion
1979-02,-0.0462717115505643,0.0642313768708278,-0.0024275048169556,-0.0026089836223507,Overheat,Commodity,Commodity,True,Expansion
1979-03,0.0445850050659186,-0.0021934191702432,-0.0021934191702432,-0.0038928946113495,Stagflation,Cash,Equity,False,Expansion
1979-04,-0.0082581562598971,-0.0021098441926346,-0.0021098441926346,-0.0065487252124644,Stagflation,Cash,Commodity,False,Expansion
1979-05,-0.0372458756107356,0.13707941669833,-0.0032858776844072,-0.0084852941176472,Overheat,Commodity,Commodity,True,Expansion
1979-06,0.0271469997220368,0.0510224568035384,-0.0036139889196675,0.0200788781163434,Stagflation,Cash,Commodity,False,Expansion
1979-07,-0.0023092984541833,0.1338796916015205,-0.0033432876712327,-0.0063845890410957,Overheat,Commodity,Commodity,True,Expansion
1979-08,0.0430756645882097,0.2146765545314179,-0.0016399819086387,-0.0076572817729535,Stagflation,Cash,Commodity,False,Expansion
1979-09,-0.0094086021505377,0.07382256923311,-0.0009390456989247,-0.0227568212365592,Overheat,Commodity,Commodity,True,Expansion
1979-10,-0.0785143753208547,0.0163652015677491,-0.0009920212765958,-0.070123670212766,Stagflation,Cash,Commodity,False,Expansion
1979-11,0.0316492855449292,0.0674348275862066,-0.0008047368421053,-0.0262754385964911,Stagflation,Cash,Commodity,False,Expansion
1979-12,0.0048673864902413,0.0460331949047079,-0.0017876029475508,0.0150546163849154,Stagflation,Cash,Commodity,False,Expansion
1980-01,0.0427093973210885,-0.0042435897435896,-0.0042435897435896,-0.0338615918803417,Stagflation,Cash,Equity,False,Expansion
1980-02,-0.0169826047773199,0.1346316455696203,-0.0020772151898733,-0.115045569620253,Stagflation,Cash,Commodity,False,Recession
1980-03,-0.1141297895011298,0.0254157528314831,-0.0012401165210152,-0.0270063462338742,Stagflation,Cash,Commodity,False,Recession
1980-04,0.030844639825734,0.040085810942684,0.0010024721878858,0.0893451483312728,Stagflation,Cash,Bond,False,Recession
1980-05,0.0363227356283044,-0.0027119339045287,-0.0027119339045287,0.0890886066911464,Stagflation,Cash,Bond,False,Recession
1980-06,0.0170102322803931,-0.0038624343434344,-0.0038624343434344,0.0264325858585858,Stagflation,Cash,Bond,False,Recession
1980-07,0.0637491264132057,0.0054978813559323,0.0054978813559323,-0.0259306900726391,Stagflation,Cash,Equity,False,Recession
1980-08,-0.0014181719013732,-0.037358900570026,0.0003419270833333,-0.0578023838141027,Stagflation,Cash,Cash,True,Expansion
1980-09,0.0166142814020655,-0.0520487966041446,0.000143663090981,-0.027630989272944,Reflation,Bond,Equity,False,Expansion
1980-10,0.0064246388365531,0.0001467729240456,0.0001467729240456,-0.0165853502558048,Reflation,Bond,Equity,False,Expansion
1980-11,0.0907866399111281,0.0008073500778815,0.0008073500778815,-0.0652408391744548,Reflation,Bond,Equity,False,Expansion
1980-12,-0.0428198588731372,0.0310501286008229,0.0035295524691356,-0.0098867283950617,Recovery,Equity,Commodity,False,Expansion
1981-01,-0.0544970822961775,0.0300065955864121,0.0032275229357798,0.0201541284403667,Recovery,Equity,Commodity,False,Expansion
1981-02,0.004065129549156,0.0031220454545455,0.0031220454545455,-0.0417165909090907,Recovery,Equity,Equity,True,Expansion
1981-03,0.0290165489112212,0.004285929270128,0.004285929270128,0.0090120391271633,Recovery,Equity,Equity,True,Expansion
1981-04,-0.0289359457572947,0.0057326412270855,0.0057326412270855,-0.0337197156752713,Recovery,Equity,Commodity,False,Expansion
1981-05,-0.0083343938608697,0.0068035117056852,0.0068035117056852,-0.0245685618729097,Reflation,Bond,Commodity,False,Expansion
1981-06,-0.0191557218254603,-0.0488396147135794,0.0033267127071825,0.0465165193370162,Recovery,Equity,Bond,False,Expansion
1981-07,-0.0131150682797702,0.0013932149362476,0.0013932149362476,-0.0559069672131145,Recovery,Equity,Commodity,False,Expansion
1981-08,-0.0692196952827661,0.005234680043384,0.005234680043384,-0.0416317787418656,Recovery,Equity,Commodity,False,Recession
1981-09,-0.062978381674614,0.0024645542427499,0.0024645542427499,-0.0236802363050481,Recovery,Equity,Commodity,False,Recession
1981-10,0.0457780120200417,-0.0196534558648586,0.0080350999286222,0.0213754461099211,Stagflation,Cash,Equity,False,Recession
1981-11,0.032169933058211,0.0331966037161133,0.0047470149253732,0.1309813965884863,Stagflation,Cash,Bond,False,Recession
1981-12,-0.0331673673463474,-0.0218644763254222,0.005824743181013,-0.015091693234148,Stagflation,Cash,Cash,True,Recession
1982-01,-0.0206660839355715,-0.0257298779257465,0.0070228460451977,-0.052487429378531,Reflation,Bond,Cash,False,Recession
1982-02,-0.063524267726396,-0.0594072418173017,0.0080298486448435,0.0201164378739882,Reflation,Bond,Bond,True,Recession
1982-03,-0.0101671074146706,-0.0870252217997464,0.0105666666666666,0.0519249999999997,Reflation,Bond,Bond,True,Recession
1982-04,0.0367300653777542,0.1813493652671005,0.0073920175438597,0.0076578421052633,Reflation,Bond,Commodity,False,Recession
1982-05,-0.0481790944864433,0.074040388748868,0.0005956725755995,0.0194008515815085,Reflation,Bond,Commodity,False,Recession
1982-06,-0.0313996848072015,-0.0247303804529233,-0.0010663831615119,-0.0471791237113403,Reflation,Bond,Cash,False,Recession
1982-07,-0.0280009462984213,-0.0215334126618558,0.0042816239316239,0.0311017094017096,Reflation,Bond,Bond,True,Recession
1982-08,0.1136927755357513,-0.0009635132640903,0.0051714431934493,0.0717265864892526,Reflation,Bond,Equity,False,Recession
1982-09,0.0076143922387144,0.0560845360824742,0.0065999999999999,0.0612833333333333,Reflation,Bond,Bond,True,Recession
1982-10,0.1059189809769622,0.0037189201265237,0.0023213302752291,0.1058557764186203,Reflation,Bond,Equity,False,Recession
1982-11,0.037027779352418,-0.0351726518028737,0.0077522704081633,0.0353470663265305,Reflation,Bond,Equity,False,Recession
1982-12,0.0183487565213777,-0.0616675488405108,0.0097076083248037,0.0125914363698396,Reflation,Bond,Equity,False,Expansion
1983-01,0.0310236786919455,-0.0121808488343485,0.0044937180796731,0.0123110486891384,Reflation,Bond,Equity,False,Expansion
1983-02,0.0179553532132052,-0.0660135778763253,0.0057310289115648,-0.0104940646258502,Recovery,Equity,Equity,True,Expansion
1983-03,0.0320416499974578,0.0014459488485016,0.0059318722392118,0.0225898742779477,Recovery,Equity,Equity,True,Expansion
1983-04,0.0673705261698942,0.0613777710562839,-0.000291826923077,0.0092567054655867,Recovery,Equity,Equity,True,Expansion
1983-05,-0.0163886869233281,-0.0170825509334395,0.0027652217741935,0.005993817204301,Recovery,Equity,Bond,False,Expansion
1983-06,0.030252455180461,0.0385644533869888,0.0052981891348089,-0.0262132796780683,Recovery,Equity,Commodity,False,Expansion
1983-07,-0.0341896022924689,0.0247333139397076,0.0035283233132934,-0.0319538911155643,Overheat,Commodity,Commodity,True,Expansion
1983-08,0.0082879495799079,0.0126357373727556,0.0047630036630035,-0.0263434898434896,Recovery,Equity,Commodity,False,Expansion
1983-09,0.007139831811592,-0.0205060570940931,0.0044895418326693,0.0208156125498006,Recovery,Equity,Bond,False,Expansion
1983-10,-0.0190823874349096,-0.0192083400937788,0.0032031746031746,0.0133709986772487,Recovery,Equity,Bond,False,Expansion
1983-11,0.0144067396690794,-0.0143772353503114,0.0043109792284867,-0.0038480712166172,Recovery,Equity,Equity,True,Expansion
1983-12,-0.0117665856414246,-0.0155285189650525,0.0045192307692305,-0.0030167406311639,Recovery,Equity,Cash,False,Expansion
1984-01,-0.0160088034754541,0.0157941578426237,0.0005097943192948,0.014057933398629,Overheat,Commodity,Commodity,True,Expansion
1984-02,-0.0435432687246446,-0.0171407924557178,0.0026647904483432,-0.0070376949317739,Overheat,Commodity,Cash,False,Expansion
1984-03,0.0105431907018214,0.0524153517006991,0.0049947521865889,-0.0265795918367347,Overheat,Commodity,Commodity,True,Expansion
1984-04,0.0015721954376775,-0.0254581801068969,0.0041715150048404,-0.0152612778315583,Overheat,Commodity,Cash,False,Expansion
1984-05,-0.0611741186729438,0.0241472971454368,0.0062434702093396,-0.0459221980676328,Overheat,Commodity,Commodity,True,Expansion
1984-06,0.0155068779034031,-0.0239640900324361,0.0062804966248795,-0.0012549421407906,Overheat,Commodity,Equity,False,Expansion
1984-07,-0.0202304091594905,-0.0770977282291721,0.004558469420429,0.0213603266090298,Stagflation,Cash,Bond,False,Expansion
1984-08,0.1031529479604387,0.0459829758657523,0.0058263649425287,0.0528990421455937,Reflation,Bond,Equity,False,Expansion
1984-09,-0.0063350004094361,0.0083618975707078,0.0057515759312321,0.0216641833810888,Reflation,Bond,Bond,True,Expansion
1984-10,-0.0038659332743178,0.0051302035323477,0.004279876308278,0.0316918173168412,Reflation,Bond,Bond,True,Expansion
1984-11,-0.0169828877708883,0.0116213010562837,0.0052620370370368,0.0494363089585312,Reflation,Bond,Bond,True,Expansion
1984-12,0.0204362450192412,-0.0204181009576244,0.0048081990521327,0.0126183649289099,Reflation,Bond,Equity,False,Expansion
1985-01,0.0720528134026954,-0.0043708153235193,0.0045622831914222,0.0160571586250393,Reflation,Bond,Equity,False,Expansion
1985-02,0.0029356730542631,-0.02727071795248,0.001208364691126,-0.0052632329883973,Recovery,Equity,Equity,True,Expansion
1985-03,-0.007538224985551,0.0538352463459277,0.0023851123595506,-0.0195201857053682,Recovery,Equity,Commodity,False,Expansion
1985-04,-0.0064548469609231,-0.0484001429732882,0.0047434579439251,0.0380394392523362,Reflation,Bond,Bond,True,Expansion
1985-05,0.0520845412886528,0.0054211471689438,0.0043560323383085,0.0481658115671641,Reflation,Bond,Equity,False,Expansion
1985-06,0.0093094574385508,-0.0372500658943704,0.0029848062015502,0.0543909457364339,Reflation,Bond,Bond,True,Expansion
1985-07,-0.0066955865534299,-0.0318357047181921,0.0040320334261838,-0.003886567626122,Recovery,Equity,Cash,False,Expansion
1985-08,-0.0138258531045265,0.0209338978158835,0.0040854031510657,0.0053247683039852,Reflation,Bond,Commodity,False,Expansion
1985-09,-0.0365099726574196,0.0721408638559775,0.0040555812519271,0.003947448350293,Reflation,Bond,Commodity,False,Expansion
1985-10,0.0386654666099555,0.0681505220725213,0.0022580337941626,0.0139896236559138,Reflation,Bond,Commodity,False,Expansion
1985-11,0.060175982990638,0.0040924456206143,0.0014185015290519,0.0359593272171252,Recovery,Equity,Equity,True,Expansion
1985-12,0.0402891221805887,-0.0259379157481596,0.0013234398782342,0.0397803652968034,Recovery,Equity,Equity,True,Expansion
1986-01,-0.0012817579715886,-0.1100911944060464,0.0022305505004547,0.0089310737033665,Recovery,Equity,Bond,False,Expansion
1986-02,0.0734427688850078,-0.0557534963043022,0.0077172136128835,0.0438579838954724,Overheat,Commodity,Equity,False,Expansion
1986-03,0.0585838018444087,-0.0067783630080471,0.0109962725328445,0.0775435838680109,Overheat,Commodity,Bond,False,Expansion
1986-04,-0.0105203463359976,0.0304476311073407,0.0087484360625573,0.0439106869058572,Overheat,Commodity,Bond,False,Expansion
1986-05,0.0473387474332935,-0.0549754807562692,0.0023586009174312,-0.0253067125382263,Reflation,Bond,Equity,False,Expansion
1986-06,0.0104016256472185,-0.0091684708937641,0.0014997714808042,-0.0035317641681903,Reflation,Bond,Equity,False,Expansion
1986-07,-0.0595424818110801,-0.0098217140692097,0.0039406544901068,0.0405488584474889,Reflation,Bond,Bond,True,Expansion
1986-08,0.0702152395420929,0.0940647264908618,0.0036917198905108,0.0142570711678831,Reflation,Bond,Commodity,False,Expansion
1986-09,-0.0887642812821283,-0.0339507397574565,0.0006895151515149,-0.0172118181818183,Recovery,Equity,Cash,False,Expansion
1986-10,0.0528151180438982,0.0150462023233957,0.0024939503932244,0.0057796430732002,Recovery,Equity,Equity,True,Expansion
1986-11,0.0196266909892635,0.0059402014963085,0.0026386624396133,0.0169460295893717,Recovery,Equity,Equity,True,Expansion
1986-12,-0.0317962560554191,-0.0083148275368371,0.0009815884476533,0.0121743682310468,Recovery,Equity,Bond,False,Expansion
1987-01,0.1256712012630882,0.0383321529016322,-0.0008853680430881,0.0025957809694792,Recovery,Equity,Equity,True,Expansion
1987-02,0.0332136978060371,-0.0661667986961109,0.0010638491353609,-0.009556350626118,Recovery,Equity,Equity,True,Expansion
1987-03,0.0227307212535337,0.0672345713747573,0.0010766636957815,0.0024550653594772,Recovery,Equity,Commodity,False,Expansion
1987-04,-0.0158359692851242,0.0338049112471339,0.0002425909494232,-0.0520825643300798,Recovery,Equity,Commodity,False,Expansion
1987-05,0.0033633090368494,0.0149425171562234,0.0020492772861357,-0.0371796312684366,Overheat,Commodity,Commodity,True,Expansion
1987-06,0.0432981267968131,0.0198781153858671,0.0002988986784142,0.017373348017621,Overheat,Commodity,Equity,False,Expansion
1987-07,0.0454603648959801,0.013668404562132,0.0020929628002341,0.000854569420035,Overheat,Commodity,Equity,False,Expansion
1987-08,0.0304314611487102,-0.0217606535021279,0.0006368620589092,-0.0189686643336249,Overheat,Commodity,Equity,False,Expansion
1987-09,-0.0275692481518888,0.0006807243042612,0.0018273757628595,-0.042251700087184,Overheat,Commodity,Cash,False,Expansion
1987-10,-0.2196713783567974,0.0061631149107117,0.0024863115942028,-0.0017609130434781,Overheat,Commodity,Commodity,True,Expansion
1987-11,-0.0885192332380411,-0.0136675376408309,0.0012590265742342,0.0504794916233388,Overheat,Commodity,Bond,False,Expansion
1987-12,0.071005317025597,-0.0394455317677661,0.0030699106113032,-0.003443800461361,Overheat,Commodity,Equity,False,Expansion
1988-01,0.0368445731122777,0.0153246780056715,0.0013766954022986,0.0263403160919539,Overheat,Commodity,Equity,False,Expansion
1988-02,0.0448447923785089,-0.0140271053208874,0.0029873780837637,0.0376359724612738,Overheat,Commodity,Equity,False,Expansion
1988-03,-0.0334069540503675,0.0472870422286175,0.002162660944206,-0.0069222174535048,Overheat,Commodity,Commodity,True,Expansion
1988-04,0.0050277002158314,0.0210446269401478,-0.0010771117747438,-0.0233930247440272,Reflation,Bond,Commodity,False,Expansion
1988-05,0.006059811965495,0.0196343428801861,0.0026501560283687,-0.0211389503546098,Reflation,Bond,Commodity,False,Expansion
1988-06,0.041452938733844,-0.0364717227407469,0.001123234463277,0.0151551906779661,Recovery,Equity,Equity,True,Expansion
1988-07,-0.0079732249697266,-0.0092164407618753,0.0013652601969058,-0.0065760900140646,Reflation,Bond,Cash,False,Expansion
1988-08,-0.03800615463584,-0.0094499320816432,0.0016569327731092,-0.0106245798319327,Stagflation,Cash,Cash,True,Expansion
1988-09,0.0382384020778483,-0.0301495996046755,0.0018239888423989,0.0230182705718271,Stagflation,Cash,Equity,False,Expansion
1988-10,0.0244074340759312,0.032327993422071,0.0027684528773976,0.0166802196274671,Stagflation,Cash,Commodity,False,Expansion
1988-11,-0.0175151456498614,0.0450187438456595,0.0031201440842338,-0.007178830701025,Stagflation,Cash,Commodity,False,Expansion
1988-12,0.0140729303031499,0.0629573792005071,0.0033887116818558,-0.0063372825186411,Stagflation,Cash,Commodity,False,Expansion
1989-01,0.0687712685584407,-0.0122211096951042,0.0027378231573156,0.004829159790979,Overheat,Commodity,Equity,False,Expansion
1989-02,-0.0281096703609137,0.0298600828749646,0.0037954769736843,-0.0013209703947368,Overheat,Commodity,Commodity,True,Expansion
1989-03,0.0182915067774465,0.0623580922065907,0.0024039279869065,-0.0105405346426623,Overheat,Commodity,Commodity,True,Expansion
1989-04,0.044231180956552,-0.0002057015006684,-0.0001554968860004,0.0129397238017872,Stagflation,Cash,Equity,False,Expansion
1989-05,0.0354081165649093,-0.0435354145902787,0.002140481002425,0.0250537995149553,Stagflation,Cash,Equity,False,Expansion
1989-06,-0.0088610622570285,0.007406004480067,0.0035465686274511,0.0446054660220254,Stagflation,Cash,Bond,False,Expansion
1989-07,0.0867942775357695,-0.0478574979353176,0.0033327175368138,0.0218065060240963,Stagflation,Cash,Equity,False,Expansion
1989-08,0.019530166012788,0.031089007639649,0.0065833333333333,0.0003833333333334,Stagflation,Cash,Commodity,False,Expansion
1989-09,-0.006439693265588,0.0543119754507275,0.0040389623397434,-0.001248297275641,Stagflation,Cash,Commodity,False,Expansion
1989-10,-0.0278887757737349,-0.0160123386610994,0.001551515151515,0.0145473684210526,Reflation,Bond,Bond,True,Expansion
1989-11,0.0163272259720419,0.0141659136460055,0.0024114773629866,0.0124381652104845,Recovery,Equity,Equity,True,Expansion
1989-12,0.0207777886698818,0.0820665116563454,0.0031711335444706,0.0054638493006071,Reflation,Bond,Commodity,False,Expansion
1990-01,-0.0759104951521798,-0.0433498983888094,-0.0031050196078431,-0.0285961568627451,Reflation,Bond,Cash,False,Expansion
1990-02,0.0089269562971108,-0.0119596945858599,0.0025185546875001,-0.01522021484375,Reflation,Bond,Equity,False,Expansion
1990-03,0.0217100368521856,0.0154500222333493,0.0018869880767238,-0.0060010368066354,Stagflation,Cash,Equity,False,Expansion
1990-04,-0.0272149597367666,-0.0193261395883224,0.0041325446082232,-0.0091531290406,Stagflation,Cash,Cash,True,Expansion
1990-05,0.095785937441345,-0.0163714594423649,0.0048908210689389,0.0078612122385748,Overheat,Commodity,Equity,False,Expansion
1990-06,-0.0128716144036217,-0.0292351833091913,0.0002434115986655,0.0205757505773669,Overheat,Commodity,Bond,False,Expansion
1990-07,-0.0077787944330709,0.0699280542535378,0.001723103448276,0.0031332567049808,Recovery,Equity,Commodity,False,Expansion
1990-08,-0.0979876861720434,0.1421601646678791,-0.0022022226443767,-0.0207954977203644,Reflation,Bond,Commodity,False,Recession
1990-09,-0.0551295230351246,0.196398850721172,-0.0007007798742137,-0.0092837484276729,Reflation,Bond,Commodity,False,Recession
1990-10,-0.0109858964350415,-0.0773489758666449,-0.0008119377811095,0.0124314405297352,Stagflation,Cash,Bond,False,Recession
1990-11,0.0622635807243847,-0.0834377756698852,0.0036263026676639,0.0280546995761656,Stagflation,Cash,Equity,False,Recession
1990-12,0.0240173392384479,-0.0315711669294851,0.0018699577744658,0.0248589853452558,Stagflation,Cash,Bond,False,Recession
1991-01,0.0396756414476677,-0.1141330532764288,0.0014521405592673,0.0022989853996535,Stagflation,Cash,Equity,False,Recession
1991-02,0.0707304123868339,-0.0123427607573773,0.0042044881305636,0.0227823627596437,Stagflation,Cash,Equity,False,Recession
1991-03,0.0242045648828541,0.0200900327880848,0.004925,-0.0116583333333333,Reflation,Bond,Equity,False,Recession
1991-04,0.0001492761651795,0.0120886055681173,0.0024773007648655,0.0094118677522823,Reflation,Bond,Commodity,False,Expansion
1991-05,0.0393021531745492,-0.0149629350452448,0.000845907079646,0.0008957227138641,Reflation,Bond,Equity,False,Expansion
1991-06,-0.0486223046668302,-0.0367709361685487,0.0016868382352939,-0.0108927205882354,Reflation,Bond,Cash,False,Expansion
1991-07,0.0450743722175763,0.037850104913834,0.0031747430249633,0.0061204111600587,Reflation,Bond,Equity,False,Expansion
1991-08,0.0206803415012297,0.0053974468227973,0.0015004026354319,0.0297673865300145,Reflation,Bond,Bond,True,Expansion
1991-09,-0.0196019580005992,0.0080944334670642,0.001417591240876,0.0210933090024332,Recovery,Equity,Bond,False,Expansion
1991-10,0.011968118031955,0.0264829014801095,0.002694545675413,0.0132957361516035,Recovery,Equity,Commodity,False,Expansion
1991-11,-0.0444703681597077,-0.0429439099465143,-0.0005706821480407,0.0095600145137879,Recovery,Equity,Bond,False,Expansion
1991-12,0.1111307377350461,-0.068643804701684,0.0004874939700918,0.0263042209358419,Reflation,Bond,Equity,False,Expansion
1992-01,-0.0193281063774489,0.0331110021931297,0.0024413111593153,0.0093779585442272,Reflation,Bond,Commodity,False,Expansion
1992-02,0.0107456622077959,-0.0020905594905074,0.0010285714285716,-0.0179718795093793,Reflation,Bond,Equity,False,Expansion
1992-03,-0.0229672117886996,0.0159849538419849,-0.0002399712437094,-0.0114495327102803,Reflation,Bond,Commodity,False,Expansion
1992-04,0.027152469667445,0.030025473902661,0.0009661944045908,0.0083086920133903,Reflation,Bond,Commodity,False,Expansion
1992-05,0.0027251844056199,0.0160918613142677,0.0008710450966358,0.0103589596754953,Recovery,Equity,Commodity,False,Expansion
1992-06,-0.0176803188610311,-0.0108174560114607,0.0001861884368308,0.0123596657149656,Overheat,Commodity,Bond,False,Expansion
1992-07,0.0378838852939231,-0.0221191353800913,-0.0001795907473308,0.032502099644128,Overheat,Commodity,Equity,False,Expansion
1992-08,-0.0225561312076753,-0.0010780191698467,0.0004720939867424,0.0210198863636363,Stagflation,Cash,Bond,False,Expansion
1992-09,0.0096045803054367,0.0037734518505461,0.0002936924167258,0.0152285376801324,Stagflation,Cash,Bond,False,Expansion
1992-10,-0.0007896284304922,-0.0265622172752699,-0.0018610562220653,-0.0107565631616091,Reflation,Bond,Equity,False,Expansion
1992-11,0.0311370730281346,-0.012842046268888,-0.000213927984987,-0.0168835385878488,Stagflation,Cash,Equity,False,Expansion
1992-12,0.0108536588783123,0.0063196630394,0.0012740805809321,0.0113016338721012,Stagflation,Cash,Bond,False,Expansion
1993-01,0.0048191593058481,0.0118721085179482,-0.0010101540616247,0.0139788457049485,Overheat,Commodity,Bond,False,Expansion
1993-02,0.0115160290822968,0.0174843170515659,0.0003401118099233,0.0271421383647803,Overheat,Commodity,Bond,False,Expansion
1993-03,0.0196707029692364,0.0207100388104248,0.0010592288904394,0.0233863572923935,Recovery,Equity,Bond,False,Expansion
1993-04,-0.0275613403970735,-0.0141941234968674,-0.001093700741771,0.0021865206305053,Overheat,Commodity,Bond,False,Expansion
1993-05,0.0238971722001981,-0.0345875872384588,-0.0003141007859452,-0.0026991331484047,Overheat,Commodity,Equity,False,Expansion
1993-06,0.0022322292394483,-0.0270866759724691,0.0018635597135596,0.0099329637329634,Stagflation,Cash,Bond,False,Expansion
1993-07,-0.0054056521652358,-0.0096933766167851,0.0011457439446367,0.0140611764705884,Reflation,Bond,Bond,True,Expansion
1993-08,0.0357975169568851,0.0106447940379708,0.0004396293738491,0.0118409587937384,Recovery,Equity,Equity,True,Expansion
1993-09,-0.0090346136821831,0.0097079555827723,0.001075632183908,0.0257165977011495,Reflation,Bond,Bond,True,Expansion
1993-10,0.0164842403961302,-0.0349677880526065,-0.0016145833333331,0.002418727106227,Recovery,Equity,Equity,True,Expansion
1993-11,-0.0122581129906688,-0.0371054472020189,-0.0001634703196345,-0.0255354337899542,Recovery,Equity,Cash,False,Expansion
1993-12,0.0100192358232038,-0.0086951679081193,0.0004941900205057,-0.0007865117338801,Recovery,Equity,Equity,True,Expansion
1994-01,0.0340021240921397,0.0868612165143603,0.0024833333333333,0.0062083333333333,Recovery,Equity,Commodity,False,Expansion
1994-02,-0.0298006616272789,-0.0344397050680512,-2.5704385366864813e-05,-0.0133060611224721,Recovery,Equity,Cash,False,Expansion
1994-03,-0.0461998607800715,-0.0047028245467096,0.0001894969408564,-0.0333606900067983,Recovery,Equity,Cash,False,Expansion
1994-04,0.0121354079119126,0.0268418662055365,0.0023852355072466,-0.0295597146739128,Recovery,Equity,Commodity,False,Expansion
1994-05,0.0143507765951651,0.0139865504245244,0.0014090847457626,-0.0109074802259888,Recovery,Equity,Equity,True,Expansion
1994-06,-0.0271428821391763,0.0194679132560029,0.0007361392832996,0.0088474757719181,Recovery,Equity,Commodity,False,Expansion
1994-07,0.0293457591519414,0.0137307984866337,0.000226903638814,-0.011425370619946,Recovery,Equity,Equity,True,Expansion
1994-08,0.0368147654185624,-0.0672088324762147,-0.0003085458612974,0.006215078299776,Recovery,Equity,Equity,True,Expansion
1994-09,-0.0264083365759928,0.0086323277464344,0.0018328868050903,-0.0113572225943291,Recovery,Equity,Commodity,False,Expansion
1994-10,0.0217713269126043,0.0478753357027954,0.0034528949129852,-0.0140437193217313,Overheat,Commodity,Commodity,True,Expansion
1994-11,-0.0389903626478601,-0.0198312022892689,0.0017263351134846,-0.0115963284379172,Overheat,Commodity,Cash,False,Expansion
1994-12,0.0128142418954881,0.0345067273249464,0.0026586719964469,0.0151004219409285,Overheat,Commodity,Commodity,True,Expansion
1995-01,0.0232064491114816,-0.0241753620393156,0.0020878792912515,0.0059276467331119,Overheat,Commodity,Equity,False,Expansion
1995-02,0.0362037264857366,0.008434929257457,0.0021448254914955,0.025457863927546,Recovery,Equity,Equity,True,Expansion
1995-03,0.0274692293621099,0.0137696428384974,0.0027813988095237,0.023091021825397,Recovery,Equity,Equity,True,Expansion
1995-04,0.0253725821683579,0.0261584884304739,0.0007371541501974,0.0117849802371539,Overheat,Commodity,Commodity,True,Expansion
1995-05,0.0379266209360249,-0.0125834234522927,0.0027432938856015,0.033939973701512,Stagflation,Cash,Equity,False,Expansion
1995-06,0.0212130814200897,-0.0323041125705148,0.0025808562992126,0.0356822342519684,Stagflation,Cash,Bond,False,Expansion
1995-07,0.031807324842352,0.0195119856753409,0.0032001310615989,-0.0038655963302752,Stagflation,Cash,Equity,False,Expansion
1995-08,0.0005503889521887,0.02048186991688,0.0025291039895356,-0.0114101591454108,Stagflation,Cash,Commodity,False,Expansion
1995-09,0.0408388095460394,0.0061305384896486,0.0030879163945134,0.0243684138907032,Stagflation,Cash,Equity,False,Expansion
1995-10,-0.0061704893635704,0.013019015841569,0.0017826710097719,0.0137181541802386,Reflation,Bond,Bond,True,Expansion
1995-11,0.0425293259918027,0.0293923550005466,0.0031596183040556,0.0114155280850141,Reflation,Bond,Equity,False,Expansion
1995-12,0.0179400554034954,0.0857205939626963,0.0029782217890403,0.0190156865930255,Recovery,Equity,Commodity,False,Expansion
1996-01,0.0286913899366638,-0.0337308796364976,-0.0010261797026502,0.0037407078215903,Reflation,Bond,Equity,False,Expansion
1996-02,0.007314011221718,0.0065950982021814,0.0020817258064516,-0.0084145860215053,Reflation,Bond,Equity,False,Expansion
1996-03,0.0063834794648496,0.0460801097537233,0.0009046087888531,-0.0304857984994639,Stagflation,Cash,Commodity,False,Expansion
1996-04,0.0108381273637716,0.0131355577917653,0.0002654548366431,-0.0153741992312619,Stagflation,Cash,Commodity,False,Expansion
1996-05,0.0238220963171038,-0.0237760674527747,0.0022571504688833,-0.0125726822250641,Stagflation,Cash,Equity,False,Expansion
1996-06,0.0019000519406049,0.0152926989193287,0.0023190597745161,-0.0081857902573918,Overheat,Commodity,Commodity,True,Expansion
1996-07,-0.0460117037108477,-0.0549938571651867,0.0023726380042461,0.0066311518046706,Overheat,Commodity,Bond,False,Expansion
1996-08,0.0197932091263619,0.0227873126870084,0.0029307145886343,0.0205249681933841,Overheat,Commodity,Commodity,True,Expansion
1996-09,0.0529454089259473,0.0347003670023202,0.0010576410906784,-0.0109126188966393,Overheat,Commodity,Equity,False,Expansion
1996-10,0.0243283360908377,-0.0004726059640308,0.0009846344289927,0.0234467498946482,Overheat,Commodity,Equity,False,Expansion
1996-11,0.0721936810369823,0.0694238225345822,0.0010278617937407,0.0253011447174964,Overheat,Commodity,Equity,False,Expansion
1996-12,-0.0222714983172884,-0.0153779112016356,0.0015672375864235,-0.004342866121936,Stagflation,Cash,Cash,True,Expansion
1997-01,0.0604708121581765,-0.045689136777917,0.002301719991635,-0.0162050501882058,Overheat,Commodity,Equity,False,Expansion
1997-02,0.0059444580752423,-0.0760861180490211,0.0022886349405137,0.0147734710916302,Overheat,Commodity,Bond,False,Expansion
1997-03,-0.041689369354681,0.0227615656560247,0.003654870671673,-0.0141673028785983,Overheat,Commodity,Commodity,True,Expansion
1997-04,0.0590372244982215,0.026211532058993,0.0036719199499688,-0.0090451219512194,Overheat,Commodity,Equity,False,Expansion
1997-05,0.0608851774126253,0.0072575320511205,0.0042083333333333,0.0183416666666667,Recovery,Equity,Equity,True,Expansion
1997-06,0.0428478320034595,-0.0594690898947883,0.0022279806491887,0.0190796972534332,Recovery,Equity,Equity,True,Expansion
1997-07,0.0782221676456065,0.04135938619868,0.0029562032418952,0.0230311408977557,Recovery,Equity,Equity,True,Expansion
1997-08,-0.0583712574839744,0.0198378196266408,0.0017851160862356,-0.0029031923714759,Reflation,Bond,Commodity,False,Expansion
1997-09,0.0521442134549452,0.0320016755768273,0.0016333746898264,0.0090399503722085,Recovery,Equity,Equity,True,Expansion
1997-10,-0.0351880536903304,0.034041978726707,0.0022763880288956,0.0158843962848296,Recovery,Equity,Commodity,False,Expansion
1997-11,0.0449939831377386,-0.0903334218733418,0.0030411770768914,0.0142689393939394,Recovery,Equity,Equity,True,Expansion
1997-12,0.016545825923796,-0.0655449839564987,0.0036792954264521,0.0091758961681087,Recovery,Equity,Equity,True,Expansion
1998-01,0.0098156584395927,-0.0047741889992891,0.0029602469135803,0.0224777880658439,Recovery,Equity,Bond,False,Expansion
1998-02,0.0721221508187845,-0.0483234010027288,0.0042416666666666,0.0025166666666667,Recovery,Equity,Equity,True,Expansion
1998-03,0.0512110052813898,0.0140038717381296,0.0041916666666665,-0.0009583333333333,Recovery,Equity,Equity,True,Expansion
1998-04,0.0088153696347805,-0.014006906563457,0.0028868680641185,0.0041686189889027,Reflation,Bond,Equity,False,Expansion
1998-05,-0.0196096812161629,-0.0325692573355932,0.0016963919639194,0.0015301353013528,Reflation,Bond,Cash,False,Expansion
1998-06,0.039342656394987,-0.0164570482586922,0.0029164004914004,0.0139611486486483,Reflation,Bond,Equity,False,Expansion
1998-07,-0.0130732879239621,-0.0728867966060831,0.0016722222222222,0.0049142565359479,Reflation,Bond,Bond,True,Expansion
1998-08,-0.1456268171440008,-0.0433286061825015,0.0028543451652387,0.0117101591187269,Stagflation,Cash,Bond,False,Expansion
1998-09,0.0634113452986493,0.1258891695854382,0.0032276962283386,0.0409129663608562,Stagflation,Cash,Commodity,False,Expansion
1998-10,0.078702344495138,-0.0334017542712847,0.0008514338010983,0.0211102043929225,Stagflation,Cash,Equity,False,Expansion
1998-11,0.0593207376361586,-0.0985093597158272,0.0024517519804998,-0.018422775746496,Stagflation,Cash,Equity,False,Expansion
1998-12,0.0556943709548478,-0.0016130166531438,0.0018268400243306,0.0147698448905106,Reflation,Bond,Equity,False,Expansion
1999-01,0.039916436583621,0.0186725243173555,0.0017885853066181,-0.0028446265938066,Reflation,Bond,Equity,False,Expansion
1999-02,-0.0310775400906307,-0.0292711434390423,0.0037,-0.0156666666666667,Reflation,Bond,Cash,False,Expansion
1999-03,0.0393743509740385,0.1798050487700158,0.003090958737864,-0.0125328883495146,Stagflation,Cash,Commodity,False,Expansion
1999-04,0.0318416820296183,0.0423496283066331,-0.0030792043399636,0.0011757283504119,Overheat,Commodity,Commodity,True,Expansion
1999-05,-0.0242056518737504,-0.0512385525985671,0.0031453313253013,-0.0214731626506022,Overheat,Commodity,Cash,False,Expansion
1999-06,0.0554974720577337,0.0769918788616019,0.0038083333333334,-0.0205833333333333,Overheat,Commodity,Commodity,True,Expansion
1999-07,-0.0352917250885741,0.0349928458648296,-0.0004234153169365,0.0083645270945811,Overheat,Commodity,Commodity,True,Expansion
1999-08,-0.0073265065623283,0.0749485643811549,0.0015301416317574,-0.0080551915020945,Overheat,Commodity,Commodity,True,Expansion
1999-09,-0.0314728363607323,0.0514719395447489,-0.0002879022646007,0.0021518772348034,Overheat,Commodity,Commodity,True,Expansion
1999-10,0.0613841866509103,-0.0482639185165003,0.0022581201665676,-0.0101363870711876,Stagflation,Cash,Equity,False,Expansion
1999-11,0.0185090128618983,0.0479471727286169,0.0024360005938239,0.0088911470704671,Overheat,Commodity,Commodity,True,Expansion
1999-12,0.0563864324277831,0.0276226234229621,0.0019533965244864,-0.0148151066350711,Overheat,Commodity,Equity,False,Expansion
2000-01,-0.0530473890493142,0.0620974377994598,0.0014669029336482,-0.0242569009647569,Overheat,Commodity,Commodity,True,Expansion
2000-02,-0.0229683488419125,0.0470081784831817,0.0004883088235296,0.0111691470588237,Overheat,Commodity,Commodity,True,Expansion
2000-03,0.0914084661352938,-0.0431533577669196,-0.0011340155945419,0.0176471734892786,Overheat,Commodity,Equity,False,Expansion
2000-04,-0.0295181443169767,-0.0124455593606177,0.005304564072557,0.0247159157401988,Overheat,Commodity,Bond,False,Expansion
2000-05,-0.0222344559301953,0.1012629211238107,0.0030642085280374,-0.0282142182632397,Stagflation,Cash,Commodity,False,Expansion
2000-06,0.0187034326985198,0.0546298770381952,-0.0010930700735579,0.0231900890437475,Stagflation,Cash,Commodity,False,Expansion
2000-07,-0.0184846176841911,-0.0926152150850969,0.0020570932252459,0.0056632889403589,Stagflation,Cash,Bond,False,Expansion
2000-08,0.0621138749136622,0.1507178622263612,0.0050749999999999,0.0204416666666666,Overheat,Commodity,Commodity,True,Expansion
2000-09,-0.0577040164814717,-0.0283776952496814,-0.0002102534562213,0.0017379272273425,Stagflation,Cash,Bond,False,Expansion
2000-10,-0.0059418905861425,0.0001210148388082,0.003357753498179,0.007292620279854,Stagflation,Cash,Bond,False,Expansion
2000-11,-0.0804262241075788,0.0863649974230118,0.0034106534634519,0.0044505262150786,Stagflation,Cash,Commodity,False,Expansion
2000-12,0.0025927450474134,-0.0343074801862967,0.0025063669339442,0.0359878197785414,Reflation,Bond,Bond,True,Expansion
2001-01,0.0295778674840225,-0.0817628113205153,-0.001427534168565,0.0042151480637813,Reflation,Bond,Equity,False,Expansion
2001-02,-0.0932431817263144,-0.0201066434220209,0.0017846969696968,0.0062079545454543,Reflation,Bond,Bond,True,Expansion
2001-03,-0.0638834469564324,-0.0385314981851515,0.0031133825477949,0.0183713798977853,Stagflation,Cash,Bond,False,Expansion
2001-04,0.0758743978271887,0.0554365239429068,0.0015188350340136,-0.0151028486394558,Stagflation,Cash,Equity,False,Recession
2001-05,0.0015931755901881,-0.0314038141956701,-0.0020747884940778,-0.0182257191201352,Reflation,Bond,Equity,False,Recession
2001-06,-0.026537586913455,-0.0679381011126889,0.0006508019133373,0.0099132386043896,Reflation,Bond,Bond,True,Recession
2001-07,-0.00816618183971,-2.51262484457504e-05,0.0046210400225479,0.0089032694475759,Reflation,Bond,Bond,True,Recession
2001-08,-0.0626056146088852,0.0091454232180794,0.0027999999999999,0.0232666666666667,Reflation,Bond,Bond,True,Recession
2001-09,-0.084364452479956,-0.106154591388777,-0.0017390230207747,0.0169289818454052,Reflation,Bond,Bond,True,Recession
2001-10,0.0219366157646314,-0.0303666597319692,0.0046203828828828,0.0179996105480479,Reflation,Bond,Equity,False,Recession
2001-11,0.0773150529288648,-0.0309671022444101,0.0021225915492957,-0.0012292957746478,Reflation,Bond,Equity,False,Recession
2001-12,0.009329157628116,-0.0005052673771882,0.0019728250657646,-0.026376479706877,Reflation,Bond,Equity,False,Expansion
2002-01,-0.0162592105008529,-0.0187875427894754,-0.0003155599324704,0.0060403582817485,Reflation,Bond,Bond,True,Expansion
2002-02,-0.0209339390461676,0.0628805207178486,-0.0002544756554306,0.0115921910112357,Reflation,Bond,Commodity,False,Expansion
2002-03,0.0347008903016459,0.1382139804791502,-0.0013136321195145,-0.0245483660130719,Reflation,Bond,Commodity,False,Expansion
2002-04,-0.0648221906305513,0.0117986423995659,-0.0030431539319576,0.0047967094255438,Recovery,Equity,Commodity,False,Expansion
2002-05,-0.0084699228203913,-0.0482905460959404,0.0003258542246982,0.0067187233054781,Recovery,Equity,Bond,False,Expansion
2002-06,-0.071749931669241,0.0445323497719956,0.000859085003712,0.0198318485523385,Recovery,Equity,Commodity,False,Expansion
2002-07,-0.0800039374036365,0.0022253489528114,-0.0008253333333332,0.0214334259259258,Overheat,Commodity,Bond,False,Expansion
2002-08,0.0037840759862743,0.0565763350871124,-0.0014238227146814,0.0283185595567867,Overheat,Commodity,Commodity,True,Expansion
2002-09,-0.1101648996646934,0.0567501442929399,-0.0003032125737463,0.0291395188053098,Recovery,Equity,Commodity,False,Expansion
2002-10,0.0856175128446166,-0.0452293617256032,-0.00089374540103,-0.0038788079470196,Overheat,Commodity,Equity,False,Expansion
2002-11,0.057108197562625,-0.0002163424370111,-0.0006295867768594,-0.006062258953168,Overheat,Commodity,Equity,False,Expansion
2002-12,-0.0602968267980128,0.080305756112913,-0.0006601347634764,0.0031169554455443,Overheat,Commodity,Commodity,True,Expansion
2003-01,-0.0304641023251064,0.0740712950442041,-0.0034104326396494,-0.0024314074479736,Stagflation,Cash,Commodity,False,Expansion
2003-02,-0.0203713645206801,0.0940955322139174,-0.0044769335511982,0.0083528050108934,Stagflation,Cash,Commodity,False,Expansion
2003-03,0.0080659055292748,-0.1665902232430685,-0.0006911908646003,0.0079030995106035,Overheat,Commodity,Equity,False,Expansion
2003-04,0.0865043194507615,-0.0671451757219419,0.0047662254366813,-0.0035320278384277,Stagflation,Cash,Equity,False,Expansion
2003-05,0.0544092089621075,0.0935747112978659,0.0025333697831237,0.0322904319300163,Stagflation,Cash,Commodity,False,Expansion
2003-06,0.011654956546673,-0.0089890282803569,-0.0003264700527946,0.0186611004915344,Stagflation,Cash,Bond,False,Expansion
2003-07,0.0143068186156762,-0.0026895821825883,-0.0025186445291235,-0.0458516467065868,Reflation,Bond,Equity,False,Expansion
2003-08,0.0150798609932469,0.036166025267432,-0.0035478093947605,-0.0337911020776874,Reflation,Bond,Commodity,False,Expansion
2003-09,-0.0138273409993632,-0.0428720542431456,-0.0024606969205833,0.013013978930308,Reflation,Bond,Bond,True,Expansion
2003-10,0.0577171425834706,0.0270666274239614,0.0018491617090317,0.0032423336938884,Reflation,Bond,Equity,False,Expansion
2003-11,0.008253457294721,0.0308686417409311,0.0002340405405405,0.0023329054054053,Overheat,Commodity,Commodity,True,Expansion
2003-12,0.0496057225623889,0.0578583980660367,-0.0019474393530997,0.002972596585804,Overheat,Commodity,Commodity,True,Expansion
2004-01,0.0139826307334274,-0.0052837767556599,-0.0035639649311147,0.0076128332438718,Overheat,Commodity,Equity,False,Expansion
2004-02,0.0117259482309441,0.0698762870583649,-0.0013691349758969,0.006197951258704,Recovery,Equity,Commodity,False,Expansion
2004-03,-0.0171918192176426,0.0110337534013635,-0.0013562355246748,0.0187174238375198,Recovery,Equity,Bond,False,Expansion
2004-04,-0.0172747763747626,0.025333871378282,-0.0008187744574883,-0.0347560254357879,Recovery,Equity,Commodity,False,Expansion
2004-05,0.009411961898158,0.0375247771772424,-0.0034044102019127,-0.0264311105207225,Recovery,Equity,Commodity,False,Expansion
2004-06,0.015672046456995,-0.0523982679356785,-0.0026512528674783,-0.0004843126874889,Recovery,Equity,Equity,True,Expansion
2004-07,-0.0341230350151949,0.0737249257840513,4.951965450383789e-05,0.0189628283095364,Overheat,Commodity,Commodity,True,Expansion
2004-08,0.0035166972211619,-0.0379121124799649,0.0007041402396052,0.0186113372093021,Overheat,Commodity,Bond,False,Expansion
2004-09,0.0076339092001753,0.1402825761189376,-0.0017905690200212,0.0108609764664557,Overheat,Commodity,Commodity,True,Expansion
2004-10,0.0099567427694793,0.0478217287638014,-0.0037821104122989,0.000271532145353,Overheat,Commodity,Commodity,True,Expansion
2004-11,0.0355778959125092,-0.0386996537517385,-0.0029779342723003,-0.0075646322378716,Recovery,Equity,Equity,True,Expansion
2004-12,0.0340280833340873,-0.0916932446110858,0.0018249999999999,0.0006916666666667,Recovery,Equity,Equity,True,Expansion
2005-01,-0.0238691163041725,0.0701715458181617,0.0024646007306889,0.0047491257828811,Overheat,Commodity,Commodity,True,Expansion
2005-02,0.0168004347349415,0.0711629173061514,-0.0020501386001384,0.0028294871794871,Overheat,Commodity,Commodity,True,Expansion
2005-03,-0.0212667033475137,0.0764055640294865,-0.0013500086311063,-0.0231789228379076,Overheat,Commodity,Commodity,True,Expansion
2005-04,-0.0220065145598824,-0.0785663080161892,-0.0007880829461365,0.0118061177077957,Recovery,Equity,Bond,False,Expansion
2005-05,0.0323536825959409,0.0062790066379294,0.002884418044077,0.0181422951101928,Recovery,Equity,Equity,True,Expansion
2005-06,0.0009024081121014,0.0720838032004993,0.0019574599896747,0.0127268972638101,Recovery,Equity,Commodity,False,Expansion
2005-07,0.0308019168030757,0.0546294112853253,-0.0034901915512228,-0.0153666153583035,Overheat,Commodity,Commodity,True,Expansion
2005-08,-0.0151864821008054,0.1528580525524443,-0.0032702022777495,-0.0082230409654937,Recovery,Equity,Commodity,False,Expansion
2005-09,-0.0055965062884872,-0.0014181391991934,-0.0107701961770624,-0.0059367454728371,Reflation,Bond,Commodity,False,Expansion
2005-10,-0.0181525402248564,-0.0976821805522754,0.0015802276912775,-0.0161846308387744,Recovery,Equity,Cash,False,Expansion
2005-11,0.0430612785526505,-0.0082678107531685,0.0082976106343597,0.0031551152616522,Stagflation,Cash,Equity,False,Expansion
2005-12,0.0003496630596047,0.0412546921274294,0.0032416666666665,0.0086833333333333,Stagflation,Cash,Commodity,False,Expansion
2006-01,0.0202981523260781,0.0486036142114532,-0.0025090148854324,0.0011604239839437,Stagflation,Cash,Commodity,False,Expansion
2006-02,0.0022113126120442,-0.0806170727270332,0.00318831076563,-0.0073147525911066,Reflation,Bond,Cash,False,Expansion
2006-03,0.0109276812121505,0.0662622517094297,0.0022504339843099,-0.0081838674678683,Recovery,Equity,Commodity,False,Expansion
2006-04,0.0083745151294898,0.0713916313209683,-0.0011683275203454,-0.0198746553728617,Recovery,Equity,Commodity,False,Expansion
2006-05,-0.0316742072170722,0.0004369600686373,0.0009409836065572,-0.0072096497764532,Stagflation,Cash,Cash,True,Expansion
2006-06,-0.0011280363626812,0.0227977351214425,0.001504075817641,0.0017700817641228,Reflation,Bond,Commodity,False,Expansion
2006-07,0.000718317452625,0.026527329341542,-0.0013187530803351,0.0002062674552325,Stagflation,Cash,Commodity,False,Expansion
2006-08,0.019271783113423,-0.0650014891904721,-0.0003010140660778,0.0144419242721622,Overheat,Commodity,Equity,False,Expansion
2006-09,0.0308261931081086,-0.0726227003473136,0.0089590647600263,0.0202729125575278,Overheat,Commodity,Equity,False,Expansion
2006-10,0.0371864011342908,0.0113214700262376,0.0085759286775632,0.0077053987122339,Stagflation,Cash,Equity,False,Expansion
2006-11,0.01851569012762,0.0838184348934625,0.0036195792079209,0.0125401608910891,Reflation,Bond,Commodity,False,Expansion
2006-12,0.008534665387494,-0.0657698968527416,-0.001396274413261,0.0011813556540292,Recovery,Equity,Equity,True,Expansion
2007-01,0.0134410579111428,-0.0123164539671216,0.0024865929009962,-0.0118396358577841,Recovery,Equity,Equity,True,Expansion
2007-02,-0.0233489473004707,0.0499067294621031,0.0003121056656187,0.0028771574954542,Recovery,Equity,Commodity,False,Expansion
2007-03,0.0059557410161128,0.0424648266590523,-0.001077849817492,0.0098818252081629,Recovery,Equity,Commodity,False,Expansion
2007-04,0.0411733538318674,0.0145575168185956,0.0010545066309217,-0.0082758295127826,Stagflation,Cash,Equity,False,Expansion
2007-05,0.0306335978085285,-0.0081876644609304,-0.0001905398499026,-0.004406448856537,Stagflation,Cash,Equity,False,Expansion
2007-06,-0.0188853426631802,0.0407378768311084,0.0015213902721882,-0.0228055835030288,Overheat,Commodity,Commodity,True,Expansion
2007-07,-0.0327284140712528,0.0569032432198093,0.002232096356989,0.0094525729396974,Overheat,Commodity,Commodity,True,Expansion
2007-08,0.0146755922810348,-0.0368016153869067,0.0031907356488993,0.0269500777687354,Stagflation,Cash,Bond,False,Expansion
2007-09,0.0330228831330485,0.1011999818987579,-0.0009916844084707,0.0101112662453386,Reflation,Bond,Commodity,False,Expansion
2007-10,0.0127844718577367,0.0972430071860859,0.00016624958172,-1.6520228819150162e-05,Reflation,Bond,Commodity,False,Expansion
2007-11,-0.049280028111645,-0.0403907143975508,-0.0050938522724037,0.0223405439824697,Reflation,Bond,Bond,True,Expansion
2007-12,-0.0098066095948046,0.0551179448427594,-0.0003968644328311,0.0040485859206886,Stagflation,Cash,Commodity,False,Expansion
2008-01,-0.0632108151775504,-0.0040755598199105,-0.0011520664250411,0.0250824845802657,Overheat,Commodity,Bond,False,Recession
2008-02,-0.0348166597593151,0.1164282356477466,-0.0006495896160397,0.0006971541905866,Stagflation,Cash,Commodity,False,Recession
2008-03,-0.0078693680411595,-0.0184525534754291,-0.0025190147014729,0.0155828828723312,Stagflation,Cash,Bond,False,Recession
2008-04,0.0462803811283258,0.0765610870392823,-0.0012365192435332,-0.0112633134213944,Stagflation,Cash,Commodity,False,Recession
2008-05,0.0069947401930843,0.0858671656814413,-0.0044494951395859,-0.0167516969629381,Stagflation,Cash,Commodity,False,Recession
2008-06,-0.0938000991229101,0.0870725902434241,-0.0088356529616532,-0.0224100835544437,Reflation,Bond,Commodity,False,Recession
2008-07,-0.0154388721535047,-0.1238241829659946,-0.0057421044961707,0.002556961515749,Reflation,Bond,Bond,True,Recession
2008-08,0.0159781837551875,-0.0656316018310757,0.002926164586096,0.0132498644961662,Stagflation,Cash,Equity,False,Recession
2008-09,-0.0898838907087915,-0.1211383344321475,8.650101807550215e-05,0.0163725749317347,Stagflation,Cash,Bond,False,Recession
2008-10,-0.1607341873560566,-0.2708462965055813,0.0092361866632872,0.003301827115832,Stagflation,Cash,Cash,True,Recession
2008-11,-0.0550205495387342,-0.1150185488930579,0.0181857986594917,0.0412101219546523,Stagflation,Cash,Bond,False,Recession
2008-12,0.0190323197673796,-0.0990719358238253,0.0083270836289841,0.089613019872468,Reflation,Bond,Bond,True,Recession
2009-01,-0.0866004272964247,-0.039110062704199,-0.0024163228473148,-0.0074951361987042,Reflation,Bond,Cash,False,Recession
2009-02,-0.1097209836849233,-0.0032618673370872,-0.0033803471944712,-0.0259481403822195,Reflation,Bond,Commodity,False,Recession
2009-03,0.0886728375528933,0.0675209067613826,0.0011634314925057,0.0068857477038675,Reflation,Bond,Equity,False,Recession
2009-04,0.0946067791249467,0.0195233112574872,-0.0008728701340015,-0.0063506868538708,Reflation,Bond,Equity,False,Recession
2009-05,0.0543800971515779,0.2093857860881873,-0.0013195522058752,-0.0241942255964171,Reflation,Bond,Commodity,False,Recession
2009-06,-0.0062623230083816,0.0079675658252498,-0.008082530378509,-0.0353644344863975,Reflation,Bond,Commodity,False,Recession
2009-07,0.075954125933396,0.0164228345081498,0.0004480989726443,0.0146023164404869,Reflation,Bond,Equity,False,Expansion
2009-08,0.0326456873798399,-0.0110837876098852,-0.0031960847702815,-0.002473504297307,Reflation,Bond,Equity,False,Expansion
2009-09,0.035318617031115,0.0178793863697954,-0.0018273588096041,0.0143331038260732,Reflation,Bond,Equity,False,Expansion
2009-10,-0.021513542539913,0.0704483726392639,-0.002934788430658,0.0005298110779075,Recovery,Equity,Commodity,False,Expansion
2009-11,0.0564446458852028,0.0283206504666033,-0.00329588734575,-0.0012195069602365,Recovery,Equity,Equity,True,Expansion
2009-12,0.0187857068832972,0.0230184765862306,-0.0004782609529154,-0.0109811309411523,Overheat,Commodity,Commodity,True,Expansion
2010-01,-0.0365977658910992,-0.0738800737352733,-0.0005983440465678,-0.0074522310426321,Overheat,Commodity,Cash,False,Expansion
2010-02,0.0319576896539848,0.0655509364595183,0.0010444373875304,0.0068666454959247,Stagflation,Cash,Commodity,False,Expansion
2010-03,0.0599957753060864,0.0242889325055066,-0.0002062997750204,-5.634946377541805e-05,Overheat,Commodity,Equity,False,Expansion
2010-04,0.0155527924331146,0.0372042829317531,-9.668495834924684e-05,-0.0055204372754745,Overheat,Commodity,Commodity,True,Expansion
2010-05,-0.0793720537148922,-0.1116899239740335,0.0006534450120421,0.0338456974166627,Overheat,Commodity,Bond,False,Expansion
2010-06,-0.0519516072243334,0.0148431871225336,0.0005190125184737,0.0186766168352525,Recovery,Equity,Bond,False,Expansion
2010-07,0.0680641187483377,0.0579925148360316,-0.0017326813875293,0.0140711106515629,Recovery,Equity,Equity,True,Expansion
2010-08,-0.0465333713809436,-0.05012959207984,-0.0013260922435908,0.0227137767697764,Recovery,Equity,Bond,False,Expansion
2010-09,0.087484773753772,0.0923184694921968,-0.0014878461802771,0.0041280826938494,Recovery,Equity,Commodity,False,Expansion
2010-10,0.034450543289622,0.029669677892379,-0.0033618076639198,0.006404188638041,Recovery,Equity,Equity,True,Expansion
2010-11,-0.0024015950449174,0.0182400504032922,-0.002411065698195,-0.0157771980357331,Reflation,Bond,Commodity,False,Expansion
2010-12,0.0625640017170241,0.0929585636223111,-0.0038843080602828,-0.0386612903225807,Reflation,Bond,Commodity,False,Expansion
2011-01,0.0203913901925525,0.0338549118996149,-0.0031079629453811,-0.0074771268956435,Reflation,Bond,Commodity,False,Expansion
2011-02,0.0309450395709098,0.0510440439282025,-0.0030961886767794,-0.0136456111591812,Stagflation,Cash,Commodity,False,Expansion
2011-03,-0.0047514356316286,0.0450062775101085,-0.0050640159428996,0.0096598096356805,Overheat,Commodity,Commodity,True,Expansion
2011-04,0.0248040461710163,0.0408766307858938,-0.0046224009674552,-0.0053274248489093,Overheat,Commodity,Commodity,True,Expansion
2011-05,-0.0144552427572594,-0.0708337214905013,-0.0031383959206309,0.019938180994576,Overheat,Commodity,Bond,False,Expansion
2011-06,-0.0166691530601327,-0.0542748894550807,3.333333333332966e-05,0.0145416666666666,Stagflation,Cash,Bond,False,Expansion
2011-07,-0.0228931287015267,0.0231134353664492,-0.0025799439502501,-0.0001197231526874,Stagflation,Cash,Commodity,False,Expansion
2011-08,-0.0572978070434861,-0.0196773076147264,-0.0031279285674268,0.0481935132194637,Stagflation,Cash,Bond,False,Expansion
2011-09,-0.0723108398319211,-0.1259319032320766,-0.0021585271796773,0.0220971338249549,Stagflation,Cash,Bond,False,Expansion
2011-10,0.1085435623872828,0.0956559273288073,-0.0006580965086364,-0.0109178357221609,Stagflation,Cash,Equity,False,Expansion
2011-11,-0.0040487718632747,0.0136608854474269,-0.0018361238402541,0.0097258447088584,Overheat,Commodity,Commodity,True,Expansion
2011-12,0.0099887632235038,-0.0201480622777692,-0.000229320645357,0.0035364508654496,Overheat,Commodity,Equity,False,Expansion
2012-01,0.0419751152734115,0.0216947589257801,-0.0026918628918286,-0.0003731794401382,Recovery,Equity,Equity,True,Expansion
2012-02,0.0410166589279406,0.062615739775649,-0.002058047160019,-0.000494722016622,Recovery,Equity,Commodity,False,Expansion
2012-03,0.0307500911294762,-0.0230020724872105,-0.0020225695309438,-0.0144216125016571,Recovery,Equity,Equity,True,Expansion
2012-04,-0.0079216227119193,-0.0071434041548377,-0.0015914785742647,0.0085333728570993,Recovery,Equity,Bond,False,Expansion
2012-05,-0.0581534100282747,-0.127603251847404,0.002147621801122,0.0213206083242609,Recovery,Equity,Bond,False,Expansion
2012-06,0.0420636509662777,0.0063410046335043,0.0009021086406679,0.0149387079694036,Recovery,Equity,Equity,True,Expansion
2012-07,0.0135960088491171,0.0604670451329212,-0.0002054172681801,0.0073590647009931,Reflation,Bond,Commodity,False,Expansion
2012-08,0.0166173111428609,0.0556191151158786,-0.0056931203008606,-0.0149476889586721,Recovery,Equity,Commodity,False,Expansion
2012-09,0.0209712562792616,-0.01836919249828,-0.0046573780201862,-0.0061419613445012,Reflation,Bond,Equity,False,Expansion
2012-10,-0.0211049606559303,-0.0445374114826861,-0.00260643223478,-0.0033544150787004,Reflation,Bond,Cash,False,Expansion
2012-11,0.0074913173143176,0.0210922992825413,0.001757295599116,0.0101547311195577,Reflation,Bond,Commodity,False,Expansion
2012-12,0.0092364275990313,-0.005159215698857,0.0001794366644896,-0.0034043305971344,Stagflation,Cash,Equity,False,Expansion
2013-01,0.0497167325034098,0.0425198723756556,-0.0019186551579268,-0.0138200809453309,Overheat,Commodity,Equity,False,Expansion
2013-02,0.0081015716317698,-0.0453154874308987,-0.0053177185963013,-0.0086910682215936,Overheat,Commodity,Equity,False,Expansion
2013-03,0.0404286461763194,0.0134768978439394,0.0028950597764785,0.0058784488251348,Recovery,Equity,Equity,True,Expansion
2013-04,0.0213994148691638,-0.0446998698707483,0.002142452663322,0.017758391753704,Reflation,Bond,Equity,False,Expansion
2013-05,0.0229664203558137,-0.014739771821546,-0.0003806645018752,-0.0108429981356343,Reflation,Bond,Equity,False,Expansion
2013-06,-0.0157709984673914,-0.0090763633842722,-0.0023331875999339,-0.026608735220518,Recovery,Equity,Cash,False,Expansion
2013-07,0.0488334420701712,0.0427166679434176,-0.0019203599542008,-0.0196024148418493,Recovery,Equity,Equity,True,Expansion
2013-08,-0.031273952357933,0.0264098341120171,-0.0023483511525368,-0.0114100515728872,Recovery,Equity,Commodity,False,Expansion
2013-09,0.0309696579326088,-0.0378621218240476,-0.0003601422715491,-0.0029924833578827,Stagflation,Cash,Equity,False,Expansion
2013-10,0.045407760401309,-0.0161079734152299,-0.0004933003522076,0.0150983545100118,Overheat,Commodity,Equity,False,Expansion
2013-11,0.0285767136446268,-0.0056311064965367,-0.0017828676135555,-0.0066488922825004,Overheat,Commodity,Equity,False,Expansion
2013-12,0.0226136638436591,0.01699443443676,-0.0025790164693385,-0.0129432782745892,Recovery,Equity,Equity,True,Expansion
2014-01,-0.0369107856995044,-0.0182096232619812,-0.0023850601532307,0.0027857382583613,Recovery,Equity,Bond,False,Expansion
2014-02,0.0445959047204842,0.0428945777140703,-0.0010579473877116,0.011769598990152,Recovery,Equity,Equity,True,Expansion
2014-03,0.006348605997908,-0.0031945751889005,-0.0019963120547843,-0.0004827361937284,Stagflation,Cash,Equity,False,Expansion
2014-04,0.0055169908716383,0.0037790577222087,-0.0018357634013904,0.0011004296564443,Stagflation,Cash,Equity,False,Expansion
2014-05,0.0215322768591164,-0.0062797883065387,-0.0018744388353777,0.0108347089147582,Overheat,Commodity,Equity,False,Expansion
2014-06,0.0193096507114765,0.0124574265998618,-0.0012860997649267,-0.0019851761925437,Overheat,Commodity,Equity,False,Expansion
2014-07,-0.0149002436323224,-0.0570212377460973,-0.0010992480989313,0.005235289139277,Overheat,Commodity,Bond,False,Expansion
2014-08,0.0401700079298175,-0.0171573434730353,0.0001850309525812,0.0106783765686853,Overheat,Commodity,Equity,False,Expansion
2014-09,-0.0140907442919571,-0.0600093886121393,-5.49204063269304e-05,-0.0057545123668116,Overheat,Commodity,Cash,False,Expansion
2014-10,0.0246275887231268,-0.0602196896907077,0.0002146230467929,0.018409890809923,Recovery,Equity,Equity,True,Expansion
2014-11,0.0288310261076234,-0.1048234164493963,0.0019029093507412,0.0017025321084915,Recovery,Equity,Equity,True,Expansion
2014-12,0.0005671420268043,-0.1300204819776043,0.0031192310541285,0.0134678190731365,Reflation,Bond,Bond,True,Expansion
2015-01,-0.0238016591883436,-0.0620185183767912,0.0064363178230177,0.031512729165158,Recovery,Equity,Bond,False,Expansion
2015-02,0.0548001440952294,0.0782731535601897,-0.0025116109746664,-0.0079478320911693,Recovery,Equity,Commodity,False,Expansion
2015-03,-0.0184598609702214,-0.0608802090962899,-0.0026617810709562,-0.0052298627826558,Recovery,Equity,Cash,False,Expansion
2015-04,0.0085432060663555,0.122204899465744,-0.0010247439555445,0.0076495466129318,Reflation,Bond,Commodity,False,Expansion
2015-05,0.0095294263457044,-0.0177876836410414,-0.0032702940775214,-0.0198157314385453,Reflation,Bond,Equity,False,Expansion
2015-06,-0.0220659677487612,0.0008901956796756,-0.002743659910431,-0.0121010926110598,Reflation,Bond,Commodity,False,Expansion
2015-07,0.0193350767225546,-0.1427268112371369,-0.0015588469504356,0.0031753098296882,Recovery,Equity,Equity,True,Expansion
2015-08,-0.0603302702172071,0.0065903944089666,6.253467656436307e-05,0.0124375866651542,Overheat,Commodity,Bond,False,Expansion
2015-09,-0.0225466729199654,-0.0543368260346082,0.0022693547594787,0.0040650574250451,Overheat,Commodity,Bond,False,Expansion
2015-10,0.0832826834122517,0.0104266915959252,-0.0009718537182468,0.0078111223515455,Overheat,Commodity,Equity,False,Expansion
2015-11,0.0017764012819196,-0.0760917874633241,-0.0010933114021267,-0.0127543808845587,Overheat,Commodity,Equity,False,Expansion
2015-12,-0.0147122282183146,-0.071694021088939,0.0012685845239546,0.0043635800236372,Reflation,Bond,Bond,True,Expansion
2016-01,-0.0491873350347806,-0.0345725079126804,0.0006754198716332,0.0128309925156671,Reflation,Bond,Bond,True,Expansion
2016-02,-1.945747605625048e-05,0.011447881978019,0.0015901230042356,0.024804323687374,Stagflation,Cash,Bond,False,Expansion
2016-03,0.0645003324905337,0.0620902698911676,-0.0028840885416665,-0.0093222395833332,Overheat,Commodity,Equity,False,Expansion
2016-04,4.713668074574073e-05,0.1103098343315387,-0.0036250920532904,0.0033315926892951,Overheat,Commodity,Commodity,True,Expansion
2016-05,0.0155563640261702,0.0270414704877826,-0.0021340507687107,-0.0008537442028412,Overheat,Commodity,Commodity,True,Expansion
2016-06,-0.0001831952073841,0.0057360888988573,-0.0025438955424567,0.0106029427293643,Stagflation,Cash,Bond,False,Expansion
2016-07,0.0373904940042697,-0.0918787481977482,0.000754080574425,0.0116762487453194,Stagflation,Cash,Equity,False,Expansion
2016-08,-0.000443550494845,0.0243133828366513,-0.0015962699287034,-0.0047903633415784,Overheat,Commodity,Commodity,True,Expansion
2016-09,-0.0024299507356609,0.0441985034510898,-0.0023753121855685,-0.0062069277208345,Overheat,Commodity,Commodity,True,Expansion
2016-10,-0.0205350729636332,-0.0098641691796586,-0.0020628548736044,-0.0100607848896132,Recovery,Equity,Cash,False,Expansion
2016-11,0.0358139668427499,0.0422854243417714,-0.0008030010205514,-0.0262812967752775,Overheat,Commodity,Commodity,True,Expansion
2016-12,0.0171974373670993,0.0533831514270717,-0.0020942352155689,-0.0251776273472992,Stagflation,Cash,Commodity,False,Expansion
2017-01,0.0148630258306703,-0.0095313877807678,-0.003603507437874,0.0022229358052361,Overheat,Commodity,Equity,False,Expansion
2017-02,0.0380549129707425,0.0149601809268924,-0.0011574805537569,0.0011305420768341,Overheat,Commodity,Equity,False,Expansion
2017-03,0.0016327265134239,-0.0337387165218715,0.0010843749145796,-0.0017169338614358,Overheat,Commodity,Equity,False,Expansion
2017-04,0.0090252478386796,-0.014587945617288,-0.0005667866537261,0.0134159565043496,Overheat,Commodity,Bond,False,Expansion
2017-05,0.0148580088242264,-0.0113467651584024,0.0015168186108971,0.0026927287394196,Overheat,Commodity,Equity,False,Expansion
2017-06,0.0055864815776036,-0.0143022893812454,0.00016493053138,0.0089591999333777,Overheat,Commodity,Bond,False,Expansion
2017-07,0.0202285258110672,0.0426844160114818,0.0005638319556071,-0.0076001597794,Recovery,Equity,Commodity,False,Expansion
2017-08,-0.0007835239027988,-0.0083090889031596,-0.0029954312017282,0.0057625293488265,Recovery,Equity,Bond,False,Expansion
2017-09,0.0154425103817359,0.0300802011365179,-0.0042264745605669,-0.0025516933133145,Recovery,Equity,Commodity,False,Expansion
2017-10,0.0225422278526696,0.0397292500568695,0.0001165241093803,-0.0101338646371428,Reflation,Bond,Commodity,False,Expansion
2017-11,0.0279270636764721,0.0202713883766911,-0.0016386355364681,-1.3371939416861878e-06,Stagflation,Cash,Equity,False,Expansion
2017-12,0.0089924832717869,0.0417561987031847,-0.0010047723008009,-0.003640884970037,Overheat,Commodity,Commodity,True,Expansion
2018-01,0.0527759602480579,0.0286459321978209,-0.0030653065591358,-0.0147904355478402,Overheat,Commodity,Equity,False,Expansion
2018-02,-0.039441910448119,-0.0301071246217901,-0.0013802382688985,-0.0200882043770461,Overheat,Commodity,Cash,False,Expansion
2018-03,-0.0256014578208492,0.0227815563250917,0.0012240687910609,0.0035902802875797,Overheat,Commodity,Commodity,True,Expansion
2018-04,0.001229500991442,0.0491163061188806,-0.0011347845489627,-0.0023316673793528,Overheat,Commodity,Commodity,True,Expansion
2018-05,0.0217751273192312,0.0111845336048141,-0.0007063548677788,-0.0075492373161822,Overheat,Commodity,Equity,False,Expansion
2018-06,0.0052485749725563,0.0131539974562506,0.0006815739641512,0.0064763520278756,Overheat,Commodity,Commodity,True,Expansion
2018-07,0.0364055181207008,-0.0454971904770933,0.0008518476942633,0.0030418043978439,Overheat,Commodity,Equity,False,Expansion
2018-08,0.0307417246062944,0.008193846424406,-9.54834441297958e-05,0.0006199045946362,Overheat,Commodity,Equity,False,Expansion
2018-09,0.0036223186746393,0.0371662003049557,-0.0002866904656159,-0.0073388136676421,Stagflation,Cash,Commodity,False,Expansion
2018-10,-0.0705245711258869,-0.0619302666240938,-0.0004634957590238,-0.0103154463310809,Overheat,Commodity,Cash,False,Expansion
2018-11,0.0210971321342612,-0.1065631617997006,0.0026477230918655,0.0054330178072323,Recovery,Equity,Equity,True,Expansion
2018-12,-0.090912471834253,-0.077840884946179,0.0012892234745833,0.0221999018859264,Recovery,Equity,Bond,False,Expansion
2019-01,0.0810158417702433,0.0925189733969382,0.0027922554353205,0.0115827528465071,Reflation,Bond,Commodity,False,Expansion
2019-02,0.02902016122504,0.0441152874787391,-0.0010065675097405,0.0013530174404603,Reflation,Bond,Commodity,False,Expansion
2019-03,0.0155905285522386,0.0164040854810234,-0.0017750799325144,0.0061283642117324,Reflation,Bond,Commodity,False,Expansion
2019-04,0.036592060119968,0.0265026253786297,-0.0017696925946096,0.0011775600137913,Reflation,Bond,Equity,False,Expansion
2019-05,-0.0637791239777098,-0.0849289800029692,0.0017110776967388,0.0109587950522791,Reflation,Bond,Bond,True,Expansion
2019-06,0.0708248466811356,0.0453107610380445,0.0021341399798078,0.0254333815283702,Reflation,Bond,Equity,False,Expansion
2019-07,0.0120374519911763,-0.0074055185738501,-0.000556591621645,0.0001168541489118,Overheat,Commodity,Equity,False,Expansion
2019-08,-0.0167408125422001,-0.059315059513332,0.0007095808792512,0.0308736543558976,Overheat,Commodity,Bond,False,Expansion
2019-09,0.0171454445372618,0.0165069689917942,3.6098350427060666e-05,-0.0050727066515877,Recovery,Equity,Equity,True,Expansion
2019-10,0.0187786400450196,0.0081874236732022,-0.0014481878633507,-0.0021046651500713,Recovery,Equity,Equity,True,Expansion
2019-11,0.0333896233886097,0.0025832180244225,-0.0015277879031124,-0.0083668663404157,Reflation,Bond,Equity,False,Expansion
2019-12,0.0271914052766644,0.0642413593378086,-0.0016241552926316,-0.0048896454716517,Reflation,Bond,Commodity,False,Expansion
2020-01,-0.0023093522163954,-0.109151890616846,-0.0006537412156972,0.0066156228413094,Stagflation,Cash,Bond,False,Expansion
2020-02,-0.0827541227084953,-0.077257716607289,0.0007916201864353,0.0191828903889423,Stagflation,Cash,Bond,False,Expansion
2020-03,-0.1195263169104745,-0.2835914736785625,0.004791813587212,0.050105346874564,Stagflation,Cash,Bond,False,Recession
2020-04,0.1372008231083061,0.0140178198045159,0.0081009751385245,0.0235315206692916,Overheat,Commodity,Equity,False,Recession
2020-05,0.0485693936994979,0.1958603840564596,0.0010075636625201,0.0007489980531816,Stagflation,Cash,Commodity,False,Expansion
2020-06,0.0149681317198548,0.0549388395231302,-0.0046914242289847,-0.0084482131973244,Reflation,Bond,Commodity,False,Expansion
2020-07,0.0510286851746661,0.0388717760425474,-0.0049628173319089,0.0031956037370202,Reflation,Bond,Equity,False,Expansion
2020-08,0.0678951166748433,0.050281211135156,-0.0036344485749689,-0.0052949194547708,Reflation,Bond,Equity,False,Expansion
2020-09,-0.0405169014970479,-0.0248861334879181,-0.0025278344237307,-0.0041735126430947,Reflation,Bond,Cash,False,Expansion
2020-10,-0.0277967302692452,-0.0279638308105262,-0.0011537136487668,-0.0083614537035969,Overheat,Commodity,Cash,False,Expansion
2020-11,0.106946316384541,0.1289999558511441,-0.0021941431177681,-0.0071994271034949,Overheat,Commodity,Commodity,True,Expansion
2020-12,0.0339546847526031,0.0573844002847214,-0.0042528255643115,-0.0077874629357553,Overheat,Commodity,Commodity,True,Expansion
2021-01,-0.0125155474590494,0.0500754696934795,-0.002377469510609,-0.0121452056059112,Overheat,Commodity,Commodity,True,Expansion
2021-02,0.0240970356953553,0.1030188554912692,-0.0033509641005794,-0.0150445896676137,Overheat,Commodity,Commodity,True,Expansion
2021-03,0.0383513135433781,-0.0251704864307558,-0.0051909923535916,-0.0285435499941499,Recovery,Equity,Equity,True,Expansion
2021-04,0.0468381660103147,0.0755471361257109,-0.0061834111612041,-0.0069536061809706,Overheat,Commodity,Commodity,True,Expansion
2021-05,0.0003467660319114,0.0197013643166745,-0.0065747697631121,-0.0038428959111916,Overheat,Commodity,Commodity,True,Expansion
2021-06,0.0147588032161485,0.0236308941670677,-0.0083577331205155,-0.0001108498304107,Overheat,Commodity,Commodity,True,Expansion
2021-07,0.0190516560217466,0.0050124011023091,-0.0045520746369109,0.0106029885657752,Overheat,Commodity,Equity,False,Expansion
2021-08,0.027484588569858,-0.028149520232051,-0.0027933177409572,0.0010540777332808,Overheat,Commodity,Equity,False,Expansion
2021-09,-0.0508049828021143,0.0527996872944489,-0.0044719462597204,-0.0097148859114308,Overheat,Commodity,Commodity,True,Expansion
2021-10,0.0598462831464938,0.0446609313357038,-0.0095049252696918,-0.0229750970288674,Stagflation,Cash,Equity,False,Expansion
2021-11,-0.0153634161114279,-0.1193163381183167,-0.0084521925122823,-0.0057999126389141,Stagflation,Cash,Bond,False,Expansion
2021-12,0.0376511973580839,0.0668352930414144,-0.0068082182342574,0.0006900048069218,Stagflation,Cash,Commodity,False,Expansion
2022-01,-0.05744557107419,0.1049948849543327,-0.0058854559306016,-0.0249700696000253,Overheat,Commodity,Commodity,True,Expansion
2022-02,-0.036614924912245,0.071837160010465,-0.006605626274165,-0.0172402998242529,Overheat,Commodity,Commodity,True,Expansion
2022-03,0.0256870018237338,0.0644734503629831,-0.0106707013262697,-0.0232882678541219,Overheat,Commodity,Commodity,True,Expansion
2022-04,-0.0900074077110156,0.0423798830939552,-0.0024424869149561,-0.0445709234789177,Stagflation,Cash,Commodity,False,Expansion
2022-05,-0.0075791583236159,0.0302911540642618,-0.0085868830201375,-0.017527085235738,Overheat,Commodity,Commodity,True,Expansion
2022-06,-0.0939248392763486,-0.10814899078812,-0.0111789345000571,-0.0266101032805913,Overheat,Commodity,Cash,False,Expansion
2022-07,0.0923673971451837,-0.0213872007527705,0.002007807132951,0.0195687601089133,Stagflation,Cash,Equity,False,Expansion
2022-08,-0.041379456607288,-0.0369718109317717,0.0015667763198767,0.001791636027024,Stagflation,Cash,Bond,False,Expansion
2022-09,-0.0959351391156468,-0.0886098953576914,-0.0016274347419202,-0.045034937579228,Stagflation,Cash,Cash,True,Expansion
2022-10,0.0749472271038351,0.0451007793857223,-0.0024808749458905,-0.0346674655293333,Stagflation,Cash,Equity,False,Expansion
2022-11,0.0531318047136135,-0.0237936476365928,0.0008420995015383,0.006984376722247,Recovery,Equity,Equity,True,Expansion
2022-12,-0.0577597193727297,-0.0143846694010543,0.0033871888441221,0.0219843256969358,Recovery,Equity,Bond,False,Expansion
2023-01,0.0572161925776217,-0.0080608856724316,-0.0015225981403813,0.0039814863635354,Reflation,Bond,Equity,False,Expansion
2023-02,-0.0277332429809266,-0.0393322256404636,0.0004449411179301,-0.0158325841764802,Reflation,Bond,Cash,False,Expansion
2023-03,0.0354399845292543,-0.010800037174135,0.0026743237989845,0.0081842093492501,Reflation,Bond,Equity,False,Expansion
2023-04,0.0121748385395663,-0.015007907198639,0.0007048691574897,0.0136110817414849,Recovery,Equity,Bond,False,Expansion
2023-05,0.0027277973217816,-0.0622784987628842,0.0026643438695741,-0.0064209861626677,Recovery,Equity,Equity,True,Expansion
2023-06,0.0636909866891448,0.0251740740811619,0.0020536429243389,-0.0118402104837278,Reflation,Bond,Equity,False,Expansion
2023-07,0.0301084259474448,0.1001753909733427,0.0024131304393502,-0.0093139180063621,Reflation,Bond,Commodity,False,Expansion
2023-08,-0.0206569185635606,-0.0041402258386515,-0.0004170241416788,-0.0203871212616228,Reflation,Bond,Cash,False,Expansion
2023-09,-0.0513786302687626,0.0316852305463699,0.0005303490455919,-0.015067139802653,Reflation,Bond,Commodity,False,Expansion
2023-10,-0.0223632234830378,-0.0504834409576411,0.0030789422026935,-0.0270798352919766,Reflation,Bond,Cash,False,Expansion
2023-11,0.0897250735671293,-0.0337713016767369,0.002918397220383,0.0234965016810102,Recovery,Equity,Equity,True,Expansion
2023-12,0.0434227145153252,-0.0337128828119693,0.0024375758321699,0.0353575579531064,Stagflation,Cash,Equity,False,Expansion
2024-01,0.0136620582155022,0.0374087079860956,0.0012464508973257,-0.002541806695555,Recovery,Equity,Commodity,False,Expansion
2024-02,0.0490971668384476,0.005399478730917,0.0002680282259317,-0.0111684437041015,Reflation,Bond,Equity,False,Expansion
2024-03,0.0276209493849366,0.0437434009073061,-6.438638898242921e-05,-0.0009189329374038,Recovery,Equity,Commodity,False,Expansion
2024-04,-0.0429225643848211,0.0085124979927813,0.0021912335515281,-0.0217152066301836,Reflation,Bond,Commodity,False,Expansion
2024-05,0.0490757620121571,-0.0180919312334476,0.0038875249461165,0.0074941069689471,Stagflation,Cash,Equity,False,Expansion
2024-06,0.0363152576056187,0.0137042894664289,0.0047869655170944,0.0160583469629402,Stagflation,Cash,Equity,False,Expansion
2024-07,0.0104778191804051,-0.043865060032198,0.0026518055037327,0.006104348644158,Stagflation,Cash,Equity,False,Expansion
2024-08,0.0226485308841055,-0.0239655578111136,0.0026319735434405,0.0285245979297084,Recovery,Equity,Bond,False,Expansion
2024-09,0.0191827917745759,-0.0053985379496706,0.0017961647793467,0.0115669869921075,Reflation,Bond,Equity,False,Expansion
2024-10,-0.0118904422749495,0.0033694297014861,0.0008993659262452,-0.0262813285133587,Reflation,Bond,Commodity,False,Expansion
2024-11,0.0557003455755911,0.0036576871822497,0.0008390227194221,-0.0175753117681007,Reflation,Bond,Equity,False,Expansion
2024-12,-0.0271452007307062,0.026073177252019,0.0001584115229449,-0.0018597280470856,Reflation,Bond,Commodity,False,Expansion
2025-01,0.0234744049811894,0.0214857549095257,-0.0007610312859568,-0.0173401948827601,Reflation,Bond,Equity,False,Expansion
2025-02,-0.015264335670036,-0.0135458098363658,0.0012627652009256,0.0141753648451519,Overheat,Commodity,Bond,False,Expansion
2025-03,-0.0566570765636218,0.0293518268328087,0.0031673671372953,0.0152716868885864,Overheat,Commodity,Commodity,True,Expansion
2025-04,-0.0083846192034707,-0.0858620984838267,0.0018885688350367,0.0019468080124382,Overheat,Commodity,Bond,False,Expansion
2025-05,0.061890976044254,0.0151169933876007,0.0025463256087165,-0.0072189792693323,Overheat,Commodity,Equity,False,Expansion
2025-06,0.0481879973011001,0.0360944414334885,0.000980557499961,0.0039313899647932,Recovery,Equity,Equity,True,Expansion
2025-07,0.0201132441241911,0.0211861658057512,0.0012552903134692,0.0006649716453166,Reflation,Bond,Commodity,False,Expansion
2025-08,0.0167308714586322,-0.0077480412670797,-4.913973272790973e-05,0.0092434973187207,Reflation,Bond,Equity,False,Expansion
2025-09,0.0334503411740059,0.0008044834452505,0.0003148357980335,0.0103685017502197,Stagflation,Cash,Equity,False,Expansion
2025-11,-7.17278793428422e-05,-0.002651582819244,0.0006256379532583,-0.0012363313675605,Overheat,Commodity,Cash,False,Expansion
2026-01,0.0127699978553708,0.0916627002884962,0.0012644133434174,-0.0031530397626365,Stagflation,Cash,Commodity,False,Expansion
2026-02,-0.0102425431433387,0.0215199766502629,0.000329090575948,0.0064211579022372,Stagflation,Cash,Commodity,False,Expansion
2026-03,-0.0579452068390484,0.212326744873774,-0.0055947027840937,-0.0134930374949918,Stagflation,Cash,Commodity,False,Expansion
2026-04,0.0978995988416224,0.0276316183077218,-0.0033704722172919,-0.0077093683095321,Recovery,Equity,Equity,True,Expansion
2026-05,0.0476784345088423,-0.0973866278193036,-0.0017210034163825,-0.0122711104590409,Recovery,Equity,Equity,True,Expansion
2026-06,-0.0053208972650391,-0.101306422239622,0.0073056816951722,0.0086948841540177,Overheat,Commodity,Bond,False,Expansion
2026-07,-0.0013706135224018,0.109966812203835,0.0023698960076679,-0.0061071923272228,Overheat,Commodity,Commodity,True,Expansion
2026-08,0.0231810953384048,0.0434913572716062,-0.0008567888043908,-0.0057042586091481,Overheat,Commodity,Commodity,True,Expansion
