,Equity,Commodity,Cash,Bond,phase
1973-04,-0.047384714991908994,-0.0016841342486652033,-0.0016841342486652033,0.0014690694126620052,Overheat
1973-05,-0.023353616420500156,0.0007200455580866905,0.0007200455580866905,-0.01156539483675012,Overheat
1973-06,-0.013317217017393745,-0.0008363310708900951,-0.0008363310708900951,-0.004593985671191847,Overheat
1973-07,0.03798195859710751,0.0066749999999999865,0.0066749999999999865,-0.01034999999999997,Overheat
1973-08,-0.05381015051146032,0.19624761672908853,-0.01068122222222212,-0.03050574074074075,Stagflation
1973-09,0.03549373182506965,0.0024529867256637417,0.0024529867256637417,0.023318584070796566,Overheat
1973-10,-0.01005175389941515,-0.002808040935672662,-0.002808040935672662,0.017900365497075965,Overheat
1973-11,-0.11965270346300838,-5.3594771241893824e-05,-5.3594771241893824e-05,0.0032579520697166853,Overheat
1973-12,0.007786988007665752,-0.00248461123110133,-0.00248461123110133,-0.0037733801295896097,Overheat
1974-01,-0.020622594156522456,1.3270525000247888,-0.004277938034187967,-0.022440135327635335,Overheat
1974-02,-0.014156810884069837,-0.004700211416490463,-0.004700211416490463,-0.0027295983086680353,Overheat
1974-03,-0.033496697685510335,-0.003896304044630372,-0.003896304044630372,-0.022037866108786552,Stagflation
1974-04,-0.0450443675799731,0.0006613652113649504,0.0006613652113649504,-0.02113516978517005,Stagflation
1974-05,-0.04349397918011233,-0.003500291495198815,-0.003500291495198815,-0.00894370713305892,Stagflation
1974-06,-0.022708978269297853,-0.0016336734693876975,-0.0016336734693876975,0.0008789795918366927,Stagflation
1974-07,-0.08340254720244022,0.00016818796484119325,0.00016818796484119325,-0.018625084516565193,Stagflation
1974-08,-0.10121713993587844,-0.004647160988643817,-0.004647160988643817,-0.02150038410153632,Stagflation
1974-09,-0.13151784171925396,-0.0072102437417655985,-0.0072102437417655985,-0.007226679841897399,Stagflation
1974-10,0.153924970323011,0.10136776885630638,-0.0016752287581698333,0.008527450980392093,Stagflation
1974-11,-0.06237240338571104,-0.0035441747572816373,-0.0035441747572816373,0.01206116504854382,Stagflation
1974-12,-0.027703364015841947,-0.0017947174052664883,-0.0017947174052664883,0.01600867052023136,Stagflation
1975-01,0.11422475031158585,-0.00247141491395797,-0.00247141491395797,-0.006366395793499069,Stagflation
1975-02,0.053840615949350745,-0.0011462294043094179,-0.0011462294043094179,0.008167015209125328,Stagflation
1975-03,0.01782383576007196,0.000769791666666686,0.000769791666666686,-0.021362720959596015,Stagflation
1975-04,0.04331296114671157,0.000883773584905434,0.000883773584905434,-0.03222415094339626,Reflation
1975-05,0.042134491319500755,0.0024668863779031547,0.0024668863779031547,0.01683976773383522,Reflation
1975-06,0.03651453545779071,-0.0030599065420561233,-0.0030599065420561233,0.013085140186915867,Reflation
1975-07,-0.07628702084691552,-0.00419822530864189,-0.00419822530864189,-0.016640277777777657,Reflation
1975-08,-0.024682739632125084,0.0016568265682657124,0.0016568265682657124,-0.020710332103321072,Reflation
1975-09,-0.04171762057977102,-0.0020152014652013994,-0.0020152014652013994,-0.002461904761904554,Reflation
1975-10,0.05584166726504747,-0.0005249544626594327,-0.0005249544626594327,0.021711202185792366,Recovery
1975-11,0.017295969387067345,-0.002699638336347232,-0.002699638336347232,0.005755424954792199,Recovery
1975-12,-0.016841650177131573,-0.0008868105515589253,-0.0008868105515589253,0.004757568944844026,Recovery
1976-01,0.11429751093654428,0.0004595579450417109,0.0004595579450417109,0.021193309438470642,Recovery
1976-02,-0.013170470049829075,0.08008801431126988,0.002270483005366586,0.0011558139534884049,Recovery
1976-03,0.028848457866382127,0.008181907582234693,0.0023735119047618713,0.008886860119047268,Recovery
1976-04,-0.012758331864815675,0.008035061357375639,0.0022602495543673218,0.016526440879382154,Recovery
1976-05,-0.019607157009924436,-0.0010088652482269644,-0.0010088652482269644,-0.022726063829787257,Recovery
1976-06,0.03541877059318077,-0.0008065255731923848,-0.0008065255731923848,0.004042680776013885,Recovery
1976-07,-0.01327596298022371,-0.0009277631578948897,-0.0009277631578948897,0.00334131578947372,Recovery
1976-08,-0.010332507586646389,-0.0009746945898777559,-0.0009746945898777559,0.005433246073298426,Recovery
1976-09,0.01731482994245015,0.140415406880535,-0.000997048611111273,0.01376731770833306,Recovery
1976-10,-0.027300997965408635,-0.001102590673575099,-0.001102590673575099,0.013645595854922421,Reflation
1976-11,-0.011190146008424606,0.000502366609294258,0.000502366609294258,0.01108248709122206,Reflation
1976-12,0.04709089264411759,-0.001530607876712331,-0.001530607876712331,0.03015577910958922,Reflation
1977-01,-0.055382918207030896,-0.0012804088586032547,-0.0012804088586032547,-0.023093356047700242,Recovery
1977-02,-0.03155917138589481,-0.0062657532321529485,-0.0062657532321529485,-0.016643015739179368,Reflation
1977-03,-0.01898822086776908,-0.0012195190156600866,-0.0012195190156600866,-0.0037815576062640854,Reflation
1977-04,-0.006464767550488859,-0.00290855555555547,-0.00290855555555547,0.005766555555555719,Overheat
1977-05,-0.026811613029904424,0.0007973421926910085,0.0007973421926910085,-0.003480066445182839,Overheat
1977-06,0.040176368596271494,-0.0007960881542699028,-0.0007960881542699028,0.013764683195592431,Overheat
1977-07,-0.021076348676929646,-0.00063055098684206,-0.00063055098684206,-0.0023802083333333,Overheat
1977-08,-0.025848669400274193,0.06765230251150944,-0.00035744680851079735,-0.0037075831969450856,Overheat
1977-09,-0.005734636589745157,0.0015632272974444028,0.0015632272974444028,0.007070201196302639,Overheat
1977-10,-0.048064956743521625,0.00023820346320335695,0.00023820346320335695,-0.011321888528138646,Recovery
1977-11,0.02034003794915895,-0.0014010752688172756,-0.0014010752688172756,-0.0043982795698928046,Recovery
1977-12,-0.001981954775049699,0.0002185660781166554,0.0002185660781166554,-0.006192081326912846,Recovery
1978-01,-0.06750133088907029,-0.0010471557682084631,-0.0010471557682084631,-0.01879156034024465,Recovery
1978-02,-0.029405885482448157,0.000587499999999963,0.000587499999999963,-0.00303682539682526,Overheat
1978-03,0.018464602953784715,-0.0011005520504732136,-0.0011005520504732136,-0.00035528391167172213,Overheat
1978-04,0.07692337822069373,-0.0026240740740740565,-0.0026240740740740565,-0.008816901408450817,Overheat
1978-05,-0.00510752945983628,-0.004010348837209299,-0.004010348837209299,-0.01644360465116268,Recovery
1978-06,-0.025142382585753853,-0.002127115384615297,-0.002127115384615297,-0.008428269230769336,Recovery
1978-07,0.04586467037805786,-0.0018365139949108045,-0.0018365139949108045,-0.01314122137404572,Overheat
1978-08,0.019696570070084407,-0.0002056145675265464,-0.0002056145675265464,0.017088770864946756,Overheat
1978-09,-0.016218152054826906,-0.002539912280701717,-0.002539912280701717,-0.0027711403508771104,Overheat
1978-10,-0.09969704728456952,-0.0023430824639839587,-0.0023430824639839587,-0.01725024838549427,Overheat
1978-11,0.01061524679618886,0.0012314074074073478,0.0012314074074073478,-0.010598074074074204,Stagflation
1978-12,0.008910434199534967,0.0016310751104564591,0.0016310751104564591,-0.012510125184094334,Overheat
1979-01,0.03063885551324197,-0.001035705596106995,-0.001035705596106995,-0.007561374695863821,Overheat
1979-02,-0.04627171155056431,0.0642313768708278,-0.002427504816955639,-0.0026089836223507357,Overheat
1979-03,0.04458500506591867,-0.0021934191702432937,-0.0021934191702432937,-0.003892894611349562,Stagflation
1979-04,-0.00825815625989712,-0.0021098441926346023,-0.0021098441926346023,-0.006548725212464412,Stagflation
1979-05,-0.03724587561073567,0.13707941669833001,-0.0032858776844072457,-0.008485294117647202,Overheat
1979-06,0.027146999722036824,0.05102245680353845,-0.0036139889196675767,0.020078878116343457,Overheat
1979-07,-0.0023092984541833728,0.13387969160152058,-0.0033432876712327086,-0.006384589041095734,Overheat
1979-08,0.04307566458820977,0.21467655453141798,-0.001639981908638788,-0.00765728177295355,Overheat
1979-09,-0.009408602150537737,0.07382256923311004,-0.0009390456989247786,-0.0227568212365592,Overheat
1979-10,-0.0785143753208547,0.01636520156774912,-0.0009920212765958114,-0.070123670212766,Stagflation
1979-11,0.031649285544929295,0.06743482758620667,-0.000804736842105358,-0.026275438596491174,Stagflation
1979-12,0.004867386490241321,0.04603319490470792,-0.0017876029475508703,0.015054616384915454,Stagflation
1980-01,0.04270939732108858,-0.004243589743589626,-0.004243589743589626,-0.03386159188034177,Stagflation
1980-02,-0.016982604777319943,0.13463164556962037,-0.0020772151898733604,-0.11504556962025303,Stagflation
1980-03,-0.11412978950112984,0.025415752831483118,-0.0012401165210152998,-0.027006346233874212,Stagflation
1980-04,0.030844639825734044,0.04008581094268404,0.00100247218788585,0.08934514833127283,Stagflation
1980-05,0.03632273562830446,-0.0027119339045287294,-0.0027119339045287294,0.08908860669114649,Stagflation
1980-06,0.01701023228039311,-0.0038624343434344732,-0.0038624343434344732,0.026432585858585878,Stagflation
1980-07,0.06374912641320574,0.005497881355932321,0.005497881355932321,-0.02593069007263915,Stagflation
1980-08,-0.0014181719013732774,-0.037358900570026,0.00034192708333335986,-0.05780238381410274,Stagflation
1980-09,0.016614281402065556,-0.05204879660414463,0.0001436630909810166,-0.02763098927294405,Reflation
1980-10,0.006424638836553198,0.00014677292404563502,0.00014677292404563502,-0.016585350255804876,Reflation
1980-11,0.09078663991112812,0.0008073500778815745,0.0008073500778815745,-0.06524083917445489,Reflation
1980-12,-0.04281985887313722,0.0310501286008229,0.003529552469135666,-0.009886728395061772,Recovery
1981-01,-0.05449708229617756,0.030006595586412166,0.0032275229357798807,0.020154128440366792,Recovery
1981-02,0.004065129549156055,0.00312204545454553,0.00312204545454553,-0.041716590909090745,Recovery
1981-03,0.029016548911221296,0.004285929270128053,0.004285929270128053,0.009012039127163307,Recovery
1981-04,-0.028935945757294745,0.0057326412270855,0.0057326412270855,-0.03371971567527132,Recovery
1981-05,-0.00833439386086976,0.006803511705685272,0.006803511705685272,-0.02456856187290979,Reflation
1981-06,-0.019155721825460326,-0.04883961471357945,0.003326712707182544,0.04651651933701628,Recovery
1981-07,-0.01311506827977027,0.0013932149362476665,0.0013932149362476665,-0.0559069672131145,Reflation
1981-08,-0.06921969528276617,0.00523468004338401,0.00523468004338401,-0.04163177874186563,Recovery
1981-09,-0.062978381674614,0.002464554242749939,0.002464554242749939,-0.02368023630504812,Reflation
1981-10,0.045778012020041725,-0.01965345586485867,0.00803509992862228,0.021375446109921148,Stagflation
1981-11,0.03216993305821103,0.033196603716113326,0.004747014925373216,0.1309813965884863,Stagflation
1981-12,-0.0331673673463474,-0.02186447632542221,0.0058247431810130035,-0.015091693234148051,Stagflation
1982-01,-0.020666083935571566,-0.025729877925746547,0.0070228460451977615,-0.052487429378531014,Reflation
1982-02,-0.06352426772639608,-0.059407241817301726,0.008029848644843574,0.020116437873988202,Reflation
1982-03,-0.01016710741467064,-0.08702522179974648,0.010566666666666613,0.05192499999999978,Reflation
1982-04,0.03673006537775425,0.18134936526710055,0.0073920175438597635,0.007657842105263324,Reflation
1982-05,-0.04817909448644331,0.07404038874886809,0.0005956725755995596,0.019400851581508505,Reflation
1982-06,-0.03139968480720157,-0.024730380452923306,-0.0010663831615119745,-0.047179123711340365,Reflation
1982-07,-0.028000946298421314,-0.021533412661855822,0.004281623931623901,0.031101709401709643,Reflation
1982-08,0.1136927755357513,-0.0009635132640903876,0.00517144319344931,0.07172658648925267,Reflation
1982-09,0.007614392238714407,0.05608453608247421,0.006599999999999939,0.061283333333333356,Reflation
1982-10,0.10591898097696228,0.0037189201265237504,0.002321330275229183,0.10585577641862032,Reflation
1982-11,0.03702777935241808,-0.03517265180287377,0.0077522704081633975,0.03534706632653051,Reflation
1982-12,0.018348756521377796,-0.061667548840510844,0.009707608324803774,0.012591436369839615,Reflation
1983-01,0.031023678691945555,-0.012180848834348557,0.004493718079673137,0.01231104868913846,Reflation
1983-02,0.017955353213205294,-0.06601357787632534,0.0057310289115648505,-0.01049406462585023,Reflation
1983-03,0.032041649997457844,0.001445948848501688,0.005931872239211877,0.022589874277947786,Reflation
1983-04,0.06737052616989425,0.06137777105628395,-0.00029182692307705427,0.009256705465586768,Reflation
1983-05,-0.016388686923328177,-0.017082550933439578,0.0027652217741935825,0.005993817204301033,Recovery
1983-06,0.030252455180461046,0.038564453386988884,0.0052981891348089505,-0.026213279678068302,Recovery
1983-07,-0.034189602292468924,0.02473331393970768,0.0035283233132934466,-0.03195389111556435,Overheat
1983-08,0.008287949579907972,0.012635737372755695,0.004763003663003529,-0.026343489843489665,Recovery
1983-09,0.007139831811592057,-0.020506057094093144,0.004489541832669364,0.02081561254980069,Recovery
1983-10,-0.019082387434909642,-0.01920834009377881,0.003203174603174652,0.01337099867724878,Recovery
1983-11,0.01440673966907946,-0.014377235350311435,0.004310979228486778,-0.0038480712166172326,Recovery
1983-12,-0.011766585641424632,-0.015528518965052585,0.004519230769230553,-0.003016740631163972,Recovery
1984-01,-0.016008803475454192,0.015794157842623724,0.0005097943192948762,0.014057933398629041,Overheat
1984-02,-0.043543268724644646,-0.017140792455717868,0.002664790448343224,-0.0070376949317739745,Overheat
1984-03,0.010543190701821414,0.05241535170069911,0.004994752186588958,-0.02657959183673475,Overheat
1984-04,0.0015721954376775038,-0.025458180106896933,0.004171515004840476,-0.015261277831558395,Overheat
1984-05,-0.06117411867294387,0.02414729714543684,0.0062434702093396854,-0.04592219806763287,Overheat
1984-06,0.015506877903403105,-0.02396409003243616,0.006280496624879506,-0.0012549421407906935,Overheat
1984-07,-0.020230409159490592,-0.07709772822917216,0.004558469420429034,0.021360326609029867,Overheat
1984-08,0.10315294796043872,0.045982975865752396,0.00582636494252875,0.05289904214559371,Recovery
1984-09,-0.006335000409436131,0.008361897570707821,0.0057515759312321,0.021664183381088886,Recovery
1984-10,-0.0038659332743178343,0.005130203532347721,0.0042798763082780855,0.03169181731684123,Recovery
1984-11,-0.0169828877708883,0.011621301056283784,0.005262037037036871,0.04943630895853124,Recovery
1984-12,0.02043624501924124,-0.02041810095762442,0.0048081990521327,0.012618364928909998,Reflation
1985-01,0.07205281340269543,-0.00437081532351935,0.004562283191422267,0.016057158625039314,Recovery
1985-02,0.0029356730542631215,-0.02727071795248004,0.0012083646911260626,-0.0052632329883973705,Recovery
1985-03,-0.007538224985551012,0.053835246345927734,0.002385112359550634,-0.019520185705368287,Recovery
1985-04,-0.006454846960923133,-0.04840014297328821,0.004743457943925167,0.038039439252336216,Recovery
1985-05,0.05208454128865281,0.005421147168943818,0.004356032338308502,0.04816581156716415,Recovery
1985-06,0.009309457438550828,-0.03725006589437041,0.002984806201550283,0.05439094573643399,Recovery
1985-07,-0.006695586553429944,-0.03183570471819219,0.004032033426183856,-0.0038865676261220505,Recovery
1985-08,-0.013825853104526553,0.020933897815883507,0.0040854031510657585,0.005324768303985206,Reflation
1985-09,-0.03650997265741962,0.07214086385597751,0.004055581251927176,0.003947448350293037,Reflation
1985-10,0.03866546660995551,0.06815052207252137,0.0022580337941626727,0.01398962365591383,Reflation
1985-11,0.06017598299063809,0.004092445620614393,0.0014185015290519853,0.03595932721712525,Recovery
1985-12,0.04028912218058878,-0.025937915748159623,0.001323439878234245,0.0397803652968034,Recovery
1986-01,-0.0012817579715886929,-0.11009119440604642,0.002230550500454731,0.008931073703366543,Recovery
1986-02,0.07344276888500789,-0.055753496304302264,0.007717213612883578,0.04385798389547246,Overheat
1986-03,0.0585838018444087,-0.006778363008047128,0.01099627253284452,0.07754358386801097,Overheat
1986-04,-0.010520346335997632,0.030447631107340722,0.008748436062557374,0.0439106869058572,Overheat
1986-05,0.04733874743329358,-0.054975480756269235,0.0023586009174312306,-0.02530671253822636,Reflation
1986-06,0.010401625647218582,-0.009168470893764158,0.0014997714808042684,-0.0035317641681903433,Reflation
1986-07,-0.05954248181108013,-0.00982171406920973,0.003940654490106832,0.0405488584474889,Reflation
1986-08,0.07021523954209297,0.09406472649086184,0.0036917198905108695,0.014257071167883106,Reflation
1986-09,-0.08876428128212832,-0.03395073975745655,0.0006895151515149411,-0.017211818181818384,Recovery
1986-10,0.05281511804389827,0.015046202323395708,0.00249395039322442,0.005779643073200225,Recovery
1986-11,0.019626690989263507,0.005940201496308584,0.002638662439613304,0.016946029589371747,Recovery
1986-12,-0.031796256055419136,-0.0083148275368371,0.000981588447653392,0.012174368231046895,Recovery
1987-01,0.12567120126308828,0.03833215290163228,-0.0008853680430881417,0.002595780969479211,Recovery
1987-02,0.03321369780603711,-0.06616679869611097,0.0010638491353609503,-0.009556350626118038,Recovery
1987-03,0.022730721253533703,0.0672345713747573,0.0010766636957815212,0.00245506535947726,Recovery
1987-04,-0.015835969285124207,0.03380491124713392,0.00024259094942324921,-0.05208256433007985,Recovery
1987-05,0.003363309036849449,0.014942517156223412,0.0020492772861357977,-0.0371796312684366,Overheat
1987-06,0.04329812679681311,0.019878115385867146,0.0002988986784142611,0.017373348017621026,Overheat
1987-07,0.045460364895980154,0.01366840456213203,0.0020929628002341882,0.000854569420035034,Overheat
1987-08,0.030431461148710204,-0.02176065350212797,0.0006368620589092266,-0.018968664333624985,Overheat
1987-09,-0.02756924815188888,0.0006807243042612487,0.0018273757628595177,-0.04225170008718404,Overheat
1987-10,-0.2196713783567974,0.006163114910711753,0.0024863115942028724,-0.0017609130434781406,Overheat
1987-11,-0.08851923323804112,-0.013667537640830951,0.0012590265742342677,0.05047949162333887,Overheat
1987-12,0.07100531702559709,-0.03944553176776611,0.0030699106113032393,-0.0034438004613610573,Overheat
1988-01,0.036844573112277734,0.0153246780056715,0.0013766954022986777,0.026340316091953975,Overheat
1988-02,0.04484479237850891,-0.014027105320887467,0.002987378083763703,0.037635972461273814,Overheat
1988-03,-0.03340695405036753,0.04728704222861757,0.0021626609442060296,-0.006922217453504853,Overheat
1988-04,0.005027700215831432,0.02104462694014786,-0.0010771117747438996,-0.02339302474402727,Recovery
1988-05,0.006059811965495099,0.019634342880186173,0.002650156028368711,-0.021138950354609887,Recovery
1988-06,0.041452938733844036,-0.03647172274074695,0.0011232344632770008,0.015155190677966113,Recovery
1988-07,-0.007973224969726633,-0.009216440761875333,0.0013652601969058598,-0.006576090014064673,Recovery
1988-08,-0.038006154635840006,-0.009449932081643242,0.0016569327731092987,-0.010624579831932768,Overheat
1988-09,0.038238402077848344,-0.03014959960467556,0.0018239888423989825,0.02301827057182715,Overheat
1988-10,0.024407434075931267,0.032327993422071044,0.002768452877397687,0.01668021962746713,Overheat
1988-11,-0.017515145649861452,0.045018743845659515,0.003120144084233889,-0.007178830701025096,Stagflation
1988-12,0.014072930303149933,0.06295737920050715,0.0033887116818558383,-0.006337282518641185,Stagflation
1989-01,0.06877126855844073,-0.01222110969510426,0.002737823157315633,0.004829159790979087,Overheat
1989-02,-0.02810967036091372,0.029860082874964666,0.0037954769736843197,-0.0013209703947368867,Overheat
1989-03,0.01829150677744651,0.06235809220659072,0.0024039279869065844,-0.010540534642662358,Overheat
1989-04,0.044231180956552096,-0.00020570150066845372,-0.0001554968860004724,0.012939723801787206,Overheat
1989-05,0.035408116564909387,-0.043535414590278765,0.002140481002425032,0.025053799514955344,Overheat
1989-06,-0.00886106225702854,0.007406004480067008,0.0035465686274511743,0.04460546602202542,Overheat
1989-07,0.08679427753576952,-0.04785749793531768,0.003332717536813856,0.021806506024096395,Overheat
1989-08,0.01953016601278801,0.031089007639649058,0.0065833333333333854,0.00038333333333340214,Stagflation
1989-09,-0.00643969326558802,0.05431197545072752,0.004038962339743435,-0.0012482972756410193,Stagflation
1989-10,-0.027888775773734942,-0.016012338661099412,0.0015515151515150816,0.014547368421052642,Reflation
1989-11,0.016327225972041948,0.014165913646005501,0.002411477362986636,0.012438165210484575,Recovery
1989-12,0.02077778866988189,0.08206651165634549,0.003171133544470628,0.005463849300607171,Reflation
1990-01,-0.07591049515217985,-0.04334989838880943,-0.0031050196078431513,-0.028596156862745192,Reflation
1990-02,0.008926956297110822,-0.011959694585859992,0.002518554687500174,-0.015220214843750024,Reflation
1990-03,0.021710036852185643,0.015450022233349348,0.0018869880767238278,-0.00600103680663544,Stagflation
1990-04,-0.027214959736766686,-0.01932613958832241,0.00413254460822321,-0.009153129040600061,Stagflation
1990-05,0.095785937441345,-0.016371459442364955,0.0048908210689389,0.007861212238574833,Overheat
1990-06,-0.012871614403621723,-0.029235183309191393,0.00024341159866558826,0.020575750577366936,Overheat
1990-07,-0.007778794433070946,0.06992805425353787,0.0017231034482760865,0.00313325670498088,Recovery
1990-08,-0.09798768617204345,0.14216016466787917,-0.00220222264437675,-0.020795497720364486,Reflation
1990-09,-0.05512952303512464,0.19639885072117202,-0.0007007798742137972,-0.009283748427672989,Reflation
1990-10,-0.010985896435041553,-0.07734897586664491,-0.0008119377811095507,0.012431440529735216,Stagflation
1990-11,0.06226358072438476,-0.0834377756698852,0.00362630266766395,0.028054699576165687,Stagflation
1990-12,0.024017339238447954,-0.03157116692948514,0.001869957774465858,0.02485898534525588,Stagflation
1991-01,0.039675641447667775,-0.11413305327642886,0.0014521405592673453,0.0022989853996535636,Stagflation
1991-02,0.07073041238683397,-0.012342760757377391,0.004204488130563622,0.022782362759643737,Stagflation
1991-03,0.024204564882854163,0.020090032788084855,0.004925000000000068,-0.011658333333333326,Reflation
1991-04,0.0001492761651795682,0.012088605568117305,0.00247730076486552,0.00941186775228231,Reflation
1991-05,0.039302153174549215,-0.014962935045244818,0.0008459070796460466,0.0008957227138641777,Reflation
1991-06,-0.04862230466683026,-0.03677093616854876,0.0016868382352939193,-0.010892720588235427,Reflation
1991-07,0.045074372217576375,0.037850104913834004,0.0031747430249633446,0.006120411160058792,Reflation
1991-08,0.02068034150122977,0.005397446822797303,0.001500402635431941,0.02976738653001454,Reflation
1991-09,-0.019601958000599273,0.008094433467064288,0.0014175912408760372,0.021093309002433225,Reflation
1991-10,0.011968118031955077,0.026482901480109566,0.0026945456754130515,0.01329573615160351,Reflation
1991-11,-0.04447036815970773,-0.042943909946514314,-0.0005706821480407909,0.009560014513787962,Reflation
1991-12,0.11113073773504611,-0.06864380470168407,0.0004874939700918457,0.02630422093584195,Reflation
1992-01,-0.019328106377448973,0.03311100219312979,0.0024413111593153403,0.009377958544227294,Reflation
1992-02,0.010745662207795936,-0.0020905594905074043,0.0010285714285716008,-0.017971879509379396,Reflation
1992-03,-0.02296721178869965,0.01598495384198495,-0.000239971243709447,-0.011449532710280375,Reflation
1992-04,0.027152469667445,0.030025473902661082,0.0009661944045908921,0.00830869201339035,Reflation
1992-05,0.0027251844056199737,0.016091861314267764,0.0008710450966358252,0.010358959675495383,Reflation
1992-06,-0.017680318861031163,-0.01081745601146078,0.0001861884368308253,0.012359665714965606,Stagflation
1992-07,0.03788388529392317,-0.02211913538009136,-0.0001795907473308711,0.03250209964412809,Stagflation
1992-08,-0.0225561312076753,-0.0010780191698467334,0.00047209398674241676,0.021019886363636386,Stagflation
1992-09,0.00960458030543676,0.0037734518505461168,0.00029369241672583257,0.015228537680132437,Stagflation
1992-10,-0.0007896284304922396,-0.026562217275269973,-0.0018610562220653382,-0.010756563161609112,Reflation
1992-11,0.03113707302813462,-0.012842046268888074,-0.00021392798498709453,-0.016883538587848856,Stagflation
1992-12,0.010853658878312356,0.006319663039400014,0.0012740805809321465,0.011301633872101258,Overheat
1993-01,0.004819159305848197,0.011872108517948288,-0.0010101540616247462,0.013978845704948561,Overheat
1993-02,0.011516029082296875,0.017484317051565945,0.0003401118099233269,0.0271421383647803,Overheat
1993-03,0.019670702969236453,0.02071003881042488,0.001059228890439412,0.023386357292393578,Recovery
1993-04,-0.027561340397073586,-0.014194123496867439,-0.0010937007417710642,0.0021865206305053952,Overheat
1993-05,0.023897172200198158,-0.034587587238458894,-0.00031410078594529267,-0.002699133148404753,Overheat
1993-06,0.0022322292394483245,-0.027086675972469165,0.0018635597135596704,0.009932963732963485,Overheat
1993-07,-0.005405652165235808,-0.009693376616785154,0.0011457439446367346,0.014061176470588466,Recovery
1993-08,0.035797516956885156,0.010644794037970806,0.00043962937384911527,0.011840958793738476,Recovery
1993-09,-0.009034613682183168,0.009707955582772376,0.0010756321839080485,0.025716597701149535,Recovery
1993-10,0.01648424039613028,-0.034967788052606585,-0.0016145833333331971,0.0024187271062270366,Recovery
1993-11,-0.012258112990668812,-0.037105447202018915,-0.00016347031963459546,-0.025535433789954265,Recovery
1993-12,0.010019235823203854,-0.008695167908119306,0.0004941900205057692,-0.0007865117338801131,Recovery
1994-01,0.03400212409213976,0.0868612165143603,0.002483333333333393,0.006208333333333371,Recovery
1994-02,-0.0298006616272789,-0.034439705068051274,-2.5704385366864813e-05,-0.013306061122472124,Recovery
1994-03,-0.046199860780071544,-0.004702824546709672,0.00018949694085645952,-0.03336069000679831,Recovery
1994-04,0.012135407911912699,0.026841866205536524,0.0023852355072466747,-0.02955971467391283,Recovery
1994-05,0.014350776595165149,0.013986550424524458,0.0014090847457626232,-0.010907480225988864,Recovery
1994-06,-0.027142882139176372,0.019467913256002944,0.0007361392832996305,0.008847475771918134,Recovery
1994-07,0.029345759151941486,0.013730798486633722,0.00022690363881405773,-0.011425370619946085,Recovery
1994-08,0.036814765418562434,-0.06720883247621479,-0.0003085458612974712,0.006215078299776078,Recovery
1994-09,-0.02640833657599284,0.00863232774643441,0.0018328868050903058,-0.011357222594329142,Recovery
1994-10,0.021771326912604305,0.04787533570279545,0.0034528949129852826,-0.014043719321731318,Overheat
1994-11,-0.038990362647860155,-0.019831202289268934,0.0017263351134846339,-0.011596328437917247,Overheat
1994-12,0.012814241895488188,0.03450672732494642,0.002658671996446982,0.015100421940928532,Overheat
1995-01,0.02320644911148162,-0.024175362039315695,0.0020878792912515376,0.005927646733111969,Overheat
1995-02,0.036203726485736665,0.008434929257457036,0.002144825491495528,0.02545786392754601,Recovery
1995-03,0.027469229362109937,0.013769642838497465,0.002781398809523772,0.023091021825397018,Recovery
1995-04,0.025372582168357916,0.02615848843047397,0.0007371541501974832,0.011784980237153908,Overheat
1995-05,0.037926620936024946,-0.012583423452292797,0.002743293885601572,0.03393997370151203,Overheat
1995-06,0.021213081420089708,-0.0323041125705148,0.002580856299212675,0.03568223425196848,Overheat
1995-07,0.03180732484235205,0.01951198567534096,0.0032001310615989986,-0.0038655963302752783,Stagflation
1995-08,0.0005503889521887295,0.020481869916880058,0.0025291039895356526,-0.01141015914541088,Stagflation
1995-09,0.04083880954603947,0.006130538489648618,0.003087916394513446,0.02436841389070321,Stagflation
1995-10,-0.006170489363570453,0.01301901584156906,0.001782671009771919,0.013718154180238695,Reflation
1995-11,0.0425293259918027,0.0293923550005466,0.0031596183040556447,0.011415528085014115,Reflation
1995-12,0.017940055403495414,0.08572059396269638,0.0029782217890403917,0.01901568659302555,Recovery
1996-01,0.02869138993666387,-0.03373087963649768,-0.0010261797026502872,0.0037407078215903056,Recovery
1996-02,0.007314011221718042,0.006595098202181404,0.0020817258064516064,-0.008414586021505355,Recovery
1996-03,0.0063834794648496285,0.04608010975372334,0.0009046087888531229,-0.03048579849946398,Overheat
1996-04,0.010838127363771655,0.01313555779176534,0.00026545483664319747,-0.015374199231261931,Stagflation
1996-05,0.023822096317103858,-0.02377606745277472,0.0022571504688833066,-0.012572682225064136,Overheat
1996-06,0.001900051940604941,0.015292698919328718,0.0023190597745161856,-0.008185790257391856,Overheat
1996-07,-0.04601170371084773,-0.05499385716518679,0.0023726380042461415,0.006631151804670665,Stagflation
1996-08,0.019793209126361955,0.0227873126870084,0.0029307145886343644,0.02052496819338412,Overheat
1996-09,0.052945408925947346,0.034700367002320265,0.0010576410906784073,-0.010912618896639303,Overheat
1996-10,0.024328336090837732,-0.00047260596403086996,0.00098463442899277,0.023446749894648233,Overheat
1996-11,0.07219368103698232,0.06942382253458224,0.001027861793740703,0.02530114471749645,Overheat
1996-12,-0.022271498317288474,-0.015377911201635674,0.00156723758642352,-0.004342866121936018,Overheat
1997-01,0.06047081215817651,-0.04568913677791708,0.0023017199916350872,-0.01620505018820584,Overheat
1997-02,0.005944458075242354,-0.0760861180490211,0.0022886349405137896,0.014773471091630297,Stagflation
1997-03,-0.04168936935468104,0.022761565656024718,0.0036548706716730273,-0.014167302878598353,Stagflation
1997-04,0.059037224498221574,0.02621153205899307,0.0036719199499688493,-0.009045121951219426,Stagflation
1997-05,0.060885177412625335,0.007257532051120563,0.0042083333333333695,0.0183416666666667,Recovery
1997-06,0.04284783200345954,-0.059469089894788385,0.002227980649188721,0.01907969725343328,Recovery
1997-07,0.07822216764560652,0.04135938619868007,0.002956203241895272,0.02303114089775571,Recovery
1997-08,-0.058371257483974426,0.019837819626640885,0.0017851160862356608,-0.00290319237147596,Recovery
1997-09,0.05214421345494524,0.032001675576827315,0.0016333746898264945,0.009039950372208505,Recovery
1997-10,-0.0351880536903304,0.034041978726707,0.002276388028895626,0.015884396284829627,Recovery
1997-11,0.04499398313773861,-0.09033342187334181,0.0030411770768914437,0.014268939393939473,Recovery
1997-12,0.016545825923796054,-0.06554498395649877,0.0036792954264521782,0.009175896168108766,Recovery
1998-01,0.009815658439592756,-0.004774188999289164,0.002960246913580322,0.022477788065843995,Recovery
1998-02,0.07212215081878459,-0.048323401002728805,0.004241666666666699,0.0025166666666667226,Recovery
1998-03,0.05121100528138989,0.01400387173812967,0.004191666666666594,-0.0009583333333333943,Recovery
1998-04,0.008815369634780579,-0.014006906563457044,0.0028868680641185307,0.00416861898890275,Recovery
1998-05,-0.01960968121616291,-0.03256925733559324,0.0016963919639194636,0.0015301353013528196,Recovery
1998-06,0.03934265639498702,-0.01645704825869221,0.002916400491400406,0.013961148648648392,Recovery
1998-07,-0.013073287923962118,-0.0728867966060831,0.001672222222222297,0.004914256535947903,Recovery
1998-08,-0.14562681714400083,-0.04332860618250156,0.0028543451652387475,0.01171015911872697,Overheat
1998-09,0.06341134529864934,0.12588916958543828,0.003227696228338628,0.040912966360856284,Overheat
1998-10,0.07870234449513802,-0.03340175427128478,0.0008514338010983113,0.02111020439292255,Stagflation
1998-11,0.05932073763615864,-0.0985093597158272,0.00245175198049985,-0.01842277574649609,Stagflation
1998-12,0.05569437095484786,-0.0016130166531438395,0.0018268400243306449,0.014769844890510697,Reflation
1999-01,0.039916436583621095,0.018672524317355554,0.0017885853066181845,-0.0028446265938066873,Reflation
1999-02,-0.031077540090630795,-0.029271143439042357,0.0037000000000000366,-0.015666666666666718,Recovery
1999-03,0.03937435097403852,0.1798050487700158,0.0030909587378640246,-0.012532888349514604,Overheat
1999-04,0.031841682029618346,0.042349628306633136,-0.0030792043399636704,0.0011757283504119087,Overheat
1999-05,-0.024205651873750456,-0.05123855259856713,0.0031453313253013704,-0.021473162650602284,Overheat
1999-06,0.0554974720577337,0.07699187886160197,0.0038083333333334135,-0.020583333333333398,Overheat
1999-07,-0.035291725088574144,0.03499284586482965,-0.00042341531693657064,0.008364527094581131,Overheat
1999-08,-0.007326506562328361,0.07494856438115494,0.0015301416317574645,-0.00805519150209455,Overheat
1999-09,-0.03147283636073239,0.051471939544748935,-0.00028790226460073676,0.0021518772348034787,Overheat
1999-10,0.06138418665091039,-0.04826391851650036,0.0022581201665676787,-0.010136387071187691,Stagflation
1999-11,0.018509012861898322,0.04794717272861693,0.0024360005938239837,0.00889114707046712,Overheat
1999-12,0.056386432427783184,0.027622623422962178,0.0019533965244864504,-0.014815106635071129,Overheat
2000-01,-0.053047389049314275,0.062097437799459865,0.001466902933648262,-0.024256900964756967,Overheat
2000-02,-0.022968348841912567,0.04700817848318173,0.0004883088235296817,0.01116914705882377,Overheat
2000-03,0.09140846613529385,-0.04315335776691964,-0.0011340155945419594,0.01764717348927869,Overheat
2000-04,-0.029518144316976747,-0.012445559360617753,0.005304564072557083,0.024715915740198824,Overheat
2000-05,-0.02223445593019535,0.10126292112381075,0.00306420852803746,-0.028214218263239776,Overheat
2000-06,0.018703432698519817,0.05462987703819522,-0.0010930700735579668,0.02319008904374753,Overheat
2000-07,-0.018484617684191185,-0.09261521508509696,0.002057093225245943,0.005663288940358946,Overheat
2000-08,0.06211387491366227,0.1507178622263612,0.005074999999999941,0.02044166666666669,Overheat
2000-09,-0.05770401648147172,-0.02837769524968148,-0.00021025345622138758,0.0017379272273425617,Stagflation
2000-10,-0.005941890586142584,0.00012101483880821995,0.003357753498179017,0.007292620279854001,Stagflation
2000-11,-0.08042622410757883,0.08636499742301185,0.003410653463451929,0.004450526215078687,Stagflation
2000-12,0.0025927450474134695,-0.0343074801862967,0.0025063669339442374,0.035987819778541486,Recovery
2001-01,0.02957786748402258,-0.08176281132051533,-0.0014275341685650034,0.0042151480637813155,Recovery
2001-02,-0.0932431817263144,-0.020106643422020953,0.0017846969696968529,0.006207954545454308,Recovery
2001-03,-0.06388344695643244,-0.03853149818515156,0.0031133825477949184,0.018371379897785367,Stagflation
2001-04,0.07587439782718874,0.05543652394290688,0.0015188350340136214,-0.01510284863945588,Stagflation
2001-05,0.0015931755901881228,-0.03140381419567018,-0.0020747884940778283,-0.018225719120135264,Reflation
2001-06,-0.02653758691345509,-0.06793810111268894,0.0006508019133373288,0.00991323860438964,Reflation
2001-07,-0.008166181839710074,-2.51262484457504e-05,0.004621040022547929,0.008903269447575912,Reflation
2001-08,-0.06260561460888525,0.00914542321807943,0.0027999999999999137,0.02326666666666677,Reflation
2001-09,-0.08436445247995605,-0.10615459138877703,-0.001739023020774777,0.016928981845405255,Reflation
2001-10,0.021936615764631462,-0.03036665973196928,0.004620382882882801,0.017999610548047995,Reflation
2001-11,0.07731505292886487,-0.030967102244410127,0.002122591549295727,-0.0012292957746478095,Reflation
2001-12,0.009329157628116036,-0.0005052673771882565,0.001972825065764683,-0.026376479706877065,Reflation
2002-01,-0.016259210500852994,-0.018787542789475475,-0.000315559932470455,0.006040358281748537,Reflation
2002-02,-0.020933939046167693,0.06288052071784866,-0.00025447565543068595,0.011592191011235764,Reflation
2002-03,0.034700890301645915,0.13821398047915023,-0.0013136321195145184,-0.024548366013071976,Reflation
2002-04,-0.06482219063055139,0.011798642399565962,-0.003043153931957643,0.004796709425543888,Reflation
2002-05,-0.008469922820391385,-0.04829054609594041,0.0003258542246982188,0.00671872330547818,Reflation
2002-06,-0.07174993166924104,0.044532349771995605,0.0008590850037120124,0.01983184855233855,Reflation
2002-07,-0.08000393740363654,0.0022253489528114567,-0.0008253333333332336,0.021433425925925897,Stagflation
2002-08,0.0037840759862743933,0.05657633508711246,-0.0014238227146814442,0.02831855955678675,Stagflation
2002-09,-0.11016489966469345,0.0567501442929399,-0.0003032125737463254,0.02913951880530985,Reflation
2002-10,0.0856175128446166,-0.04522936172560321,-0.0008937454010300439,-0.003878807947019669,Overheat
2002-11,0.057108197562625085,-0.0002163424370111855,-0.0006295867768594254,-0.0060622589531680315,Overheat
2002-12,-0.06029682679801285,0.08030575611291302,-0.0006601347634764831,0.003116955445544356,Overheat
2003-01,-0.030464102325106435,0.07407129504420418,-0.0034104326396494633,-0.0024314074479736547,Stagflation
2003-02,-0.020371364520680113,0.09409553221391742,-0.00447693355119827,0.008352805010893416,Stagflation
2003-03,0.008065905529274886,-0.1665902232430685,-0.000691190864600344,0.007903099510603528,Stagflation
2003-04,0.08650431945076154,-0.0671451757219419,0.0047662254366813706,-0.003532027838427765,Stagflation
2003-05,0.05440920896210755,0.09357471129786599,0.0025333697831237956,0.03229043193001635,Stagflation
2003-06,0.011654956546673034,-0.00898902828035697,-0.00032647005279462515,0.018661100491534466,Stagflation
2003-07,0.014306818615676287,-0.0026895821825883015,-0.002518644529123537,-0.04585164670658681,Reflation
2003-08,0.015079860993246985,0.03616602526743207,-0.003547809394760515,-0.03379110207768743,Reflation
2003-09,-0.013827340999363225,-0.04287205424314566,-0.0024606969205833717,0.01301397893030809,Reflation
2003-10,0.057717142583470604,0.027066627423961487,0.0018491617090317103,0.0032423336938884884,Reflation
2003-11,0.008253457294721045,0.03086864174093118,0.00023404054054054768,0.0023329054054053167,Stagflation
2003-12,0.04960572256238893,0.057858398066036765,-0.0019474393530997114,0.002972596585804066,Overheat
2004-01,0.013982630733427426,-0.005283776755659941,-0.0035639649311147714,0.007612833243871853,Overheat
2004-02,0.011725948230944194,0.0698762870583649,-0.0013691349758969684,0.0061979512587040375,Recovery
2004-03,-0.01719181921764268,0.011033753401363589,-0.001356235524674898,0.018717423837519842,Recovery
2004-04,-0.0172747763747626,0.025333871378282025,-0.0008187744574883471,-0.03475602543578793,Recovery
2004-05,0.009411961898158072,0.03752477717724245,-0.003404410201912733,-0.026431110520722556,Recovery
2004-06,0.015672046456995048,-0.05239826793567859,-0.0026512528674783598,-0.0004843126874889414,Recovery
2004-07,-0.03412303501519498,0.07372492578405132,4.9519654503837884e-05,0.01896282830953644,Stagflation
2004-08,0.0035166972211619907,-0.037912112479964954,0.0007041402396052998,0.018611337209302192,Overheat
2004-09,0.0076339092001753706,0.14028257611893769,-0.001790569020021282,0.010860976466455785,Overheat
2004-10,0.009956742769479332,0.04782172876380142,-0.0037821104122989224,0.00027153214535302617,Overheat
2004-11,0.03557789591250926,-0.03869965375173856,-0.002977934272300309,-0.007564632237871627,Recovery
2004-12,0.034028083334087356,-0.09169324461108586,0.0018249999999999655,0.000691666666666757,Recovery
2005-01,-0.023869116304172544,0.07017154581816176,0.0024646007306889928,0.004749125782881114,Overheat
2005-02,0.016800434734941527,0.07116291730615143,-0.0020501386001384736,0.0028294871794871668,Stagflation
2005-03,-0.021266703347513793,0.0764055640294865,-0.0013500086311063475,-0.02317892283790768,Overheat
2005-04,-0.02200651455988245,-0.07856630801618925,-0.0007880829461365257,0.011806117707795716,Recovery
2005-05,0.03235368259594096,0.006279006637929463,0.0028844180440770195,0.01814229511019283,Recovery
2005-06,0.0009024081121014049,0.07208380320049934,0.0019574599896747813,0.012726897263810155,Recovery
2005-07,0.030801916803075757,0.05462941128532539,-0.0034901915512228765,-0.015366615358303526,Overheat
2005-08,-0.01518648210080542,0.15285805255244433,-0.0032702022777495454,-0.008223040965493755,Recovery
2005-09,-0.005596506288487291,-0.0014181391991934245,-0.01077019617706243,-0.005936745472837179,Recovery
2005-10,-0.01815254022485646,-0.0976821805522754,0.0015802276912775248,-0.016184630838774416,Recovery
2005-11,0.04306127855265052,-0.008267810753168514,0.008297610634359742,0.0031551152616522415,Overheat
2005-12,0.0003496630596047101,0.04125469212742949,0.003241666666666587,0.008683333333333376,Overheat
2006-01,0.020298152326078123,0.048603614211453205,-0.0025090148854324257,0.0011604239839437813,Stagflation
2006-02,0.002211312612044214,-0.08061707272703322,0.003188310765630087,-0.007314752591106699,Reflation
2006-03,0.010927681212150597,0.06626225170942979,0.0022504339843099075,-0.008183867467868366,Recovery
2006-04,0.008374515129489835,0.07139163132096837,-0.001168327520345458,-0.019874655372861705,Recovery
2006-05,-0.03167420721707226,0.0004369600686373598,0.0009409836065572552,-0.00720964977645322,Overheat
2006-06,-0.0011280363626812173,0.022797735121442564,0.001504075817641004,0.001770081764122855,Recovery
2006-07,0.0007183174526250724,0.026527329341542005,-0.0013187530803351333,0.00020626745523255607,Overheat
2006-08,0.019271783113423036,-0.0650014891904721,-0.00030101406607785375,0.014441924272162288,Overheat
2006-09,0.030826193108108635,-0.07262270034731366,0.008959064760026392,0.020272912557527833,Overheat
2006-10,0.037186401134290836,0.011321470026237623,0.008575928677563294,0.0077053987122339684,Stagflation
2006-11,0.01851569012762,0.08381843489346252,0.0036195792079209976,0.012540160891089114,Reflation
2006-12,0.008534665387494034,-0.0657698968527416,-0.0013962744132610672,0.0011813556540292147,Recovery
2007-01,0.013441057911142806,-0.012316453967121666,0.0024865929009962873,-0.011839635857784137,Recovery
2007-02,-0.023348947300470768,0.04990672946210317,0.0003121056656187893,0.0028771574954542523,Recovery
2007-03,0.005955741016112848,0.04246482665905238,-0.0010778498174920381,0.009881825208162942,Recovery
2007-04,0.04117335383186749,0.014557516818595628,0.0010545066309217699,-0.008275829512782606,Stagflation
2007-05,0.03063359780852859,-0.008187664460930444,-0.00019053984990269335,-0.004406448856537071,Stagflation
2007-06,-0.018885342663180205,0.04073787683110841,0.0015213902721882278,-0.02280558350302886,Overheat
2007-07,-0.03272841407125282,0.05690324321980933,0.002232096356989066,0.009452572939697479,Overheat
2007-08,0.014675592281034877,-0.03680161538690674,0.0031907356488993788,0.02695007776873548,Stagflation
2007-09,0.033022883133048575,0.1011999818987579,-0.00099168440847075,0.010111266245338646,Reflation
2007-10,0.01278447185773679,0.09724300718608592,0.0001662495817200682,-1.6520228819150162e-05,Reflation
2007-11,-0.049280028111645,-0.04039071439755082,-0.005093852272403776,0.022340543982469763,Reflation
2007-12,-0.009806609594804616,0.05511794484275945,-0.0003968644328311566,0.004048585920688685,Stagflation
2008-01,-0.06321081517755045,-0.00407555981991059,-0.001152066425041176,0.02508248458026574,Stagflation
2008-02,-0.03481665975931514,0.11642823564774663,-0.0006495896160397807,0.0006971541905866907,Stagflation
2008-03,-0.007869368041159563,-0.01845255347542918,-0.002519014701472977,0.015582882872331227,Stagflation
2008-04,0.04628038112832589,0.07656108703928233,-0.0012365192435332961,-0.011263313421394416,Stagflation
2008-05,0.006994740193084326,0.08586716568144137,-0.004449495139585924,-0.0167516969629381,Stagflation
2008-06,-0.0938000991229101,0.08707259024342417,-0.008835652961653229,-0.022410083554443738,Reflation
2008-07,-0.015438872153504701,-0.12382418296599462,-0.005742104496170741,0.0025569615157490233,Reflation
2008-08,0.01597818375518756,-0.06563160183107575,0.0029261645860960694,0.013249864496166275,Stagflation
2008-09,-0.08988389070879155,-0.1211383344321475,8.650101807550215e-05,0.016372574931734718,Stagflation
2008-10,-0.1607341873560566,-0.27084629650558134,0.009236186663287294,0.0033018271158320456,Stagflation
2008-11,-0.055020549538734254,-0.11501854889305796,0.01818579865949177,0.041210121954652346,Stagflation
2008-12,0.019032319767379624,-0.09907193582382534,0.008327083628984155,0.08961301987246806,Reflation
2009-01,-0.0866004272964247,-0.03911006270419903,-0.0024163228473148557,-0.007495136198704233,Reflation
2009-02,-0.10972098368492333,-0.003261867337087221,-0.0033803471944712227,-0.025948140382219598,Reflation
2009-03,0.08867283755289335,0.06752090676138267,0.001163431492505751,0.0068857477038675174,Reflation
2009-04,0.09460677912494675,0.019523311257487297,-0.0008728701340015022,-0.006350686853870857,Reflation
2009-05,0.05438009715157799,0.20938578608818736,-0.0013195522058752074,-0.02419422559641715,Reflation
2009-06,-0.006262323008381698,0.007967565825249823,-0.008082530378509034,-0.03536443448639759,Reflation
2009-07,0.07595412593339601,0.016422834508149853,0.0004480989726443063,0.014602316440486929,Reflation
2009-08,0.03264568737983997,-0.011083787609885265,-0.0031960847702815487,-0.002473504297307083,Reflation
2009-09,0.03531861703111505,0.01787938636979547,-0.0018273588096041626,0.014333103826073224,Reflation
2009-10,-0.021513542539913,0.07044837263926396,-0.0029347884306580863,0.0005298110779075049,Reflation
2009-11,0.056444645885202815,0.02832065046660337,-0.003295887345750037,-0.0012195069602365383,Reflation
2009-12,0.018785706883297282,0.023018476586230685,-0.0004782609529154769,-0.010981130941152384,Stagflation
2010-01,-0.0365977658910992,-0.07388007373527339,-0.0005983440465678891,-0.007452231042632151,Stagflation
2010-02,0.03195768965398482,0.06555093645951837,0.0010444373875304613,0.00686664549592475,Stagflation
2010-03,0.05999577530608646,0.024288932505506677,-0.0002062997750204021,-5.634946377541805e-05,Stagflation
2010-04,0.015552792433114693,0.03720428293175315,-9.668495834924684e-05,-0.005520437275474577,Overheat
2010-05,-0.0793720537148922,-0.11168992397403354,0.0006534450120421198,0.03384569741666277,Overheat
2010-06,-0.05195160722433345,0.01484318712253363,0.0005190125184737493,0.01867661683525257,Reflation
2010-07,0.06806411874833773,0.05799251483603163,-0.0017326813875293556,0.014071110651562968,Recovery
2010-08,-0.0465333713809436,-0.050129592079840024,-0.0013260922435908151,0.022713776769776484,Recovery
2010-09,0.08748477375377206,0.0923184694921968,-0.001487846180277197,0.004128082693849455,Recovery
2010-10,0.03445054328962205,0.029669677892379065,-0.0033618076639198025,0.006404188638041042,Recovery
2010-11,-0.0024015950449174372,0.01824005040329224,-0.0024110656981950473,-0.015777198035733186,Recovery
2010-12,0.06256400171702414,0.09295856362231114,-0.0038843080602828373,-0.0386612903225807,Reflation
2011-01,0.02039139019255254,0.03385491189961498,-0.003107962945381182,-0.007477126895643504,Reflation
2011-02,0.030945039570909882,0.0510440439282025,-0.00309618867677941,-0.013645611159181281,Stagflation
2011-03,-0.004751435631628609,0.04500627751010855,-0.0050640159428996245,0.009659809635680583,Overheat
2011-04,0.024804046171016392,0.040876630785893875,-0.0046224009674552535,-0.005327424848909357,Overheat
2011-05,-0.014455242757259401,-0.07083372149050138,-0.003138395920630921,0.019938180994576005,Overheat
2011-06,-0.016669153060132724,-0.054274889455080744,3.333333333332966e-05,0.014541666666666675,Overheat
2011-07,-0.02289312870152671,0.023113435366449275,-0.0025799439502501853,-0.00011972315268748979,Overheat
2011-08,-0.05729780704348619,-0.019677307614726414,-0.00312792856742683,0.048193513219463746,Stagflation
2011-09,-0.0723108398319211,-0.1259319032320766,-0.0021585271796773497,0.02209713382495493,Stagflation
2011-10,0.1085435623872828,0.09565592732880734,-0.0006580965086364632,-0.010917835722160985,Stagflation
2011-11,-0.0040487718632747915,0.01366088544742694,-0.0018361238402541114,0.0097258447088584,Overheat
2011-12,0.009988763223503838,-0.02014806227776922,-0.0002293206453570784,0.003536450865449625,Overheat
2012-01,0.04197511527341158,0.0216947589257801,-0.002691862891828656,-0.00037317944013826043,Recovery
2012-02,0.0410166589279406,0.06261573977564905,-0.0020580471600190053,-0.0004947220166220401,Recovery
2012-03,0.030750091129476242,-0.023002072487210534,-0.0020225695309438185,-0.014421612501657188,Recovery
2012-04,-0.007921622711919318,-0.007143404154837718,-0.001591478574264782,0.00853337285709932,Recovery
2012-05,-0.05815341002827479,-0.12760325184740406,0.002147621801122046,0.02132060832426097,Recovery
2012-06,0.04206365096627773,0.006341004633504399,0.0009021086406679757,0.014938707969403664,Recovery
2012-07,0.013596008849117158,0.06046704513292123,-0.00020541726818013029,0.007359064700993123,Recovery
2012-08,0.016617311142860913,0.05561911511587869,-0.005693120300860666,-0.014947688958672156,Recovery
2012-09,0.020971256279261663,-0.018369192498280063,-0.004657378020186287,-0.00614196134450129,Recovery
2012-10,-0.02110496065593037,-0.044537411482686196,-0.002606432234780076,-0.00335441507870049,Recovery
2012-11,0.007491317314317625,0.021092299282541305,0.0017572955991160821,0.01015473111955778,Recovery
2012-12,0.009236427599031316,-0.005159215698857023,0.00017943666448960727,-0.0034043305971344084,Overheat
2013-01,0.0497167325034098,0.04251987237565569,-0.0019186551579268851,-0.013820080945330937,Overheat
2013-02,0.008101571631769833,-0.04531548743089875,-0.0053177185963013684,-0.0086910682215936,Overheat
2013-03,0.04042864617631947,0.013476897843939462,0.0028950597764785257,0.005878448825134885,Recovery
2013-04,0.021399414869163857,-0.044699869870748365,0.0021424526633220253,0.017758391753704084,Reflation
2013-05,0.022966420355813755,-0.014739771821546066,-0.0003806645018752386,-0.010842998135634385,Recovery
2013-06,-0.015770998467391495,-0.009076363384272201,-0.00233318759993395,-0.026608735220518098,Recovery
2013-07,0.04883344207017126,0.04271666794341766,-0.001920359954200812,-0.019602414841849325,Recovery
2013-08,-0.031273952357933066,0.02640983411201714,-0.002348351152536843,-0.011410051572887214,Recovery
2013-09,0.030969657932608863,-0.03786212182404769,-0.00036014227154912426,-0.0029924833578827137,Overheat
2013-10,0.045407760401309005,-0.01610797341522996,-0.0004933003522076262,0.015098354510011847,Overheat
2013-11,0.028576713644626883,-0.005631106496536753,-0.0017828676135555055,-0.006648892282500429,Overheat
2013-12,0.02261366384365915,0.016994434436760075,-0.0025790164693385575,-0.012943278274589298,Recovery
2014-01,-0.036910785699504456,-0.018209623261981278,-0.0023850601532307003,0.00278573825836137,Recovery
2014-02,0.04459590472048425,0.04289457771407035,-0.0010579473877116996,0.011769598990152064,Recovery
2014-03,0.006348605997908097,-0.003194575188900539,-0.001996312054784344,-0.0004827361937284058,Overheat
2014-04,0.005516990871638372,0.0037790577222087673,-0.0018357634013904667,0.0011004296564443017,Overheat
2014-05,0.021532276859116406,-0.006279788306538747,-0.0018744388353777452,0.01083470891475824,Overheat
2014-06,0.0193096507114765,0.01245742659986182,-0.0012860997649267736,-0.0019851761925437916,Overheat
2014-07,-0.014900243632322452,-0.05702123774609735,-0.0010992480989313602,0.005235289139277066,Overheat
2014-08,0.04017000792981751,-0.017157343473035325,0.00018503095258126656,0.01067837656868531,Overheat
2014-09,-0.014090744291957114,-0.060009388612139336,-5.4920406326930404e-05,-0.0057545123668116815,Overheat
2014-10,0.02462758872312687,-0.06021968969070779,0.00021462304679298327,0.018409890809923057,Recovery
2014-11,0.028831026107623448,-0.1048234164493963,0.001902909350741222,0.0017025321084915834,Recovery
2014-12,0.0005671420268043015,-0.1300204819776043,0.0031192310541285906,0.013467819073136544,Recovery
2015-01,-0.02380165918834365,-0.06201851837679129,0.00643631782301779,0.031512729165158015,Recovery
2015-02,0.054800144095229486,0.07827315356018971,-0.002511610974666456,-0.007947832091169338,Recovery
2015-03,-0.018459860970221453,-0.060880209096289994,-0.0026617810709562706,-0.005229862782655803,Recovery
2015-04,0.008543206066355502,0.12220489946574409,-0.001024743955544527,0.0076495466129318235,Recovery
2015-05,0.009529426345704417,-0.01778768364104144,-0.0032702940775214406,-0.019815731438545314,Recovery
2015-06,-0.02206596774876124,0.0008901956796756316,-0.0027436599104310178,-0.01210109261105985,Recovery
2015-07,0.019335076722554634,-0.14272681123713693,-0.0015588469504356217,0.0031753098296882776,Recovery
2015-08,-0.06033027021720716,0.006590394408966693,6.253467656436307e-05,0.012437586665154265,Overheat
2015-09,-0.022546672919965483,-0.05433682603460821,0.002269354759478759,0.004065057425045149,Overheat
2015-10,0.08328268341225176,0.010426691595925242,-0.0009718537182468179,0.007811122351545574,Overheat
2015-11,0.0017764012819196928,-0.07609178746332412,-0.001093311402126762,-0.012754380884558714,Overheat
2015-12,-0.014712228218314638,-0.07169402108893907,0.001268584523954619,0.004363580023637237,Recovery
2016-01,-0.04918733503478068,-0.034572507912680406,0.0006754198716332205,0.012830992515667106,Recovery
2016-02,-1.9457476056250478e-05,0.011447881978019048,0.0015901230042356662,0.024804323687374064,Overheat
2016-03,0.06450033249053377,0.062090269891167615,-0.002884088541666552,-0.009322239583333225,Overheat
2016-04,4.713668074574073e-05,0.11030983433153874,-0.003625092053290424,0.003331592689295171,Overheat
2016-05,0.015556364026170222,0.027041470487782604,-0.00213405076871076,-0.0008537442028412334,Overheat
2016-06,-0.00018319520738419026,0.00573608889885735,-0.002543895542456709,0.01060294272936435,Stagflation
2016-07,0.03739049400426975,-0.09187874819774822,0.0007540805744250534,0.011676248745319473,Stagflation
2016-08,-0.0004435504948450131,0.0243133828366513,-0.001596269928703431,-0.004790363341578452,Stagflation
2016-09,-0.0024299507356609906,0.04419850345108989,-0.0023753121855685233,-0.006206927720834532,Overheat
2016-10,-0.020535072963633216,-0.0098641691796586,-0.0020628548736044694,-0.010060784889613261,Recovery
2016-11,0.035813966842749956,0.042285424341771405,-0.0008030010205514193,-0.026281296775277574,Overheat
2016-12,0.017197437367099333,0.05338315142707173,-0.0020942352155689514,-0.025177627347299225,Stagflation
2017-01,0.01486302583067034,-0.009531387780767897,-0.003603507437874076,0.002222935805236137,Overheat
2017-02,0.038054912970742594,0.014960180926892441,-0.0011574805537569732,0.0011305420768341623,Overheat
2017-03,0.0016327265134239433,-0.03373871652187155,0.0010843749145796888,-0.0017169338614358987,Overheat
2017-04,0.00902524783867964,-0.014587945617288045,-0.0005667866537261146,0.01341595650434968,Overheat
2017-05,0.014858008824226498,-0.011346765158402494,0.0015168186108971415,0.002692728739419614,Overheat
2017-06,0.005586481577603664,-0.014302289381245448,0.00016493053138000313,0.008959199933377793,Overheat
2017-07,0.020228525811067266,0.042684416011481874,0.0005638319556071636,-0.007600159779400095,Recovery
2017-08,-0.0007835239027988994,-0.008309088903159623,-0.0029954312017282936,0.005762529348826595,Recovery
2017-09,0.015442510381735941,0.030080201136517992,-0.004226474560566906,-0.002551693313314507,Recovery
2017-10,0.022542227852669683,0.03972925005686956,0.00011652410938034485,-0.010133864637142831,Recovery
2017-11,0.02792706367647213,0.02027138837669118,-0.001638635536468147,-1.3371939416861878e-06,Overheat
2017-12,0.008992483271786922,0.0417561987031847,-0.0010047723008009823,-0.003640884970037006,Overheat
2018-01,0.052775960248057974,0.028645932197820967,-0.0030653065591358386,-0.014790435547840208,Overheat
2018-02,-0.039441910448119066,-0.030107124621790105,-0.0013802382688985482,-0.02008820437704617,Overheat
2018-03,-0.025601457820849216,0.022781556325091712,0.0012240687910609616,0.0035902802875797946,Overheat
2018-04,0.001229500991442034,0.049116306118880626,-0.001134784548962764,-0.002331667379352864,Overheat
2018-05,0.021775127319231258,0.011184533604814195,-0.0007063548677788134,-0.007549237316182289,Overheat
2018-06,0.005248574972556375,0.013153997456250677,0.0006815739641512497,0.006476352027875665,Overheat
2018-07,0.03640551812070081,-0.04549719047709333,0.0008518476942633857,0.0030418043978439613,Overheat
2018-08,0.03074172460629443,0.008193846424406015,-9.548344412979581e-05,0.0006199045946362336,Overheat
2018-09,0.0036223186746393576,0.037166200304955765,-0.00028669046561591305,-0.007338813667642108,Overheat
2018-10,-0.07052457112588695,-0.061930266624093844,-0.00046349575902382423,-0.010315446331080946,Overheat
2018-11,0.02109713213426123,-0.1065631617997006,0.0026477230918655614,0.0054330178072323765,Recovery
2018-12,-0.090912471834253,-0.07784088494617902,0.0012892234745833786,0.022199901885926465,Recovery
2019-01,0.08101584177024335,0.09251897339693826,0.0027922554353205786,0.011582752846507116,Recovery
2019-02,0.02902016122504003,0.04411528747873916,-0.0010065675097405968,0.0013530174404603468,Reflation
2019-03,0.015590528552238636,0.016404085481023456,-0.0017750799325144673,0.006128364211732462,Reflation
2019-04,0.03659206011996807,0.026502625378629796,-0.0017696925946096842,0.0011775600137913234,Reflation
2019-05,-0.0637791239777098,-0.08492898000296922,0.0017110776967388386,0.010958795052279147,Reflation
2019-06,0.07082484668113564,0.045310761038044545,0.0021341399798078253,0.02543338152837027,Recovery
2019-07,0.01203745199117634,-0.007405518573850189,-0.0005565916216450084,0.00011685414891182688,Overheat
2019-08,-0.016740812542200167,-0.05931505951333205,0.0007095808792512148,0.030873654355897617,Overheat
2019-09,0.017145444537261856,0.01650696899179427,3.6098350427060666e-05,-0.005072706651587766,Recovery
2019-10,0.018778640045019612,0.008187423673202243,-0.0014481878633507694,-0.00210466515007135,Recovery
2019-11,0.033389623388609735,0.002583218024422518,-0.0015277879031124764,-0.008366866340415724,Recovery
2019-12,0.027191405276664415,0.06424135933780861,-0.0016241552926316016,-0.004889645471651716,Recovery
2020-01,-0.0023093522163954994,-0.10915189061684605,-0.0006537412156972788,0.006615622841309454,Overheat
2020-02,-0.08275412270849536,-0.07725771660728908,0.0007916201864353045,0.019182890388942386,Overheat
2020-03,-0.11952631691047455,-0.2835914736785625,0.004791813587212035,0.05010534687456403,Stagflation
2020-04,0.13720082310830617,0.014017819804515996,0.008100975138524591,0.02353152066929165,Stagflation
2020-05,0.048569393699497976,0.19586038405645967,0.0010075636625201945,0.0007489980531816265,Stagflation
2020-06,0.014968131719854894,0.05493883952313028,-0.00469142422898472,-0.008448213197324472,Reflation
2020-07,0.05102868517466619,0.038871776042547435,-0.004962817331908953,0.003195603737020214,Reflation
2020-08,0.06789511667484338,0.050281211135156045,-0.0036344485749689737,-0.005294919454770897,Reflation
2020-09,-0.0405169014970479,-0.024886133487918127,-0.0025278344237307238,-0.0041735126430947345,Reflation
2020-10,-0.02779673026924523,-0.027963830810526225,-0.0011537136487668187,-0.008361453703596977,Overheat
2020-11,0.106946316384541,0.1289999558511441,-0.0021941431177681103,-0.007199427103494971,Overheat
2020-12,0.033954684752603104,0.05738440028472147,-0.004252825564311502,-0.007787462935755385,Overheat
2021-01,-0.01251554745904948,0.050075469693479535,-0.0023774695106090205,-0.012145205605911258,Overheat
2021-02,0.024097035695355373,0.10301885549126921,-0.0033509641005794455,-0.015044589667613795,Overheat
2021-03,0.038351313543378174,-0.025170486430755812,-0.005190992353591661,-0.028543549994149986,Recovery
2021-04,0.04683816601031476,0.07554713612571096,-0.006183411161204133,-0.0069536061809706284,Overheat
2021-05,0.0003467660319114163,0.019701364316674574,-0.006574769763112109,-0.0038428959111916905,Overheat
2021-06,0.01475880321614853,0.023630894167067762,-0.008357733120515576,-0.00011084983041076413,Overheat
2021-07,0.019051656021746632,0.005012401102309161,-0.0045520746369109855,0.01060298856577524,Overheat
2021-08,0.027484588569858026,-0.028149520232051084,-0.0027933177409572574,0.0010540777332808116,Overheat
2021-09,-0.05080498280211432,0.05279968729444895,-0.004471946259720472,-0.009714885911430882,Overheat
2021-10,0.05984628314649387,0.04466093133570381,-0.009504925269691822,-0.022975097028867464,Overheat
2021-11,-0.015363416111427997,-0.11931633811831677,-0.008452192512282353,-0.0057999126389141065,Overheat
2021-12,0.037651197358083976,0.06683529304141445,-0.006808218234257479,0.000690004806921829,Overheat
2022-01,-0.057445571074190016,0.10499488495433273,-0.005885455930601635,-0.024970069600025346,Overheat
2022-02,-0.03661492491224505,0.07183716001046503,-0.006605626274165055,-0.017240299824252903,Overheat
2022-03,0.025687001823733846,0.06447345036298313,-0.010670701326269794,-0.02328826785412197,Overheat
2022-04,-0.09000740771101567,0.04237988309395524,-0.002442486914956188,-0.04457092347891778,Overheat
2022-05,-0.007579158323615998,0.03029115406426186,-0.008586883020137548,-0.017527085235738094,Overheat
2022-06,-0.09392483927634865,-0.10814899078812001,-0.011178934500057136,-0.026610103280591324,Overheat
2022-07,0.09236739714518372,-0.021387200752770563,0.0020078071329510117,0.019568760108913397,Overheat
2022-08,-0.041379456607288034,-0.03697181093177171,0.0015667763198767837,0.001791636027024035,Overheat
2022-09,-0.09593513911564688,-0.08860989535769148,-0.0016274347419202861,-0.04503493757922805,Overheat
2022-10,0.07494722710383517,0.04510077938572232,-0.0024808749458905544,-0.03466746552933331,Overheat
2022-11,0.05313180471361356,-0.023793647636592863,0.0008420995015383514,0.006984376722247054,Recovery
2022-12,-0.05775971937272972,-0.014384669401054317,0.0033871888441221465,0.02198432569693587,Reflation
2023-01,0.05721619257762178,-0.008060885672431684,-0.0015225981403813593,0.003981486363535458,Reflation
2023-02,-0.02773324298092661,-0.03933222564046368,0.0004449411179301421,-0.015832584176480258,Reflation
2023-03,0.03543998452925434,-0.010800037174135024,0.002674323798984579,0.008184209349250127,Recovery
2023-04,0.012174838539566357,-0.015007907198639092,0.0007048691574897958,0.013611081741484954,Recovery
2023-05,0.002727797321781633,-0.06227849876288427,0.0026643438695741484,-0.00642098616266773,Recovery
2023-06,0.06369098668914486,0.0251740740811619,0.002053642924338961,-0.011840210483727853,Recovery
2023-07,0.030108425947444895,0.10017539097334272,0.0024131304393502084,-0.009313918006362165,Recovery
2023-08,-0.020656918563560667,-0.00414022583865159,-0.0004170241416788789,-0.020387121261622898,Reflation
2023-09,-0.05137863026876266,0.03168523054636996,0.0005303490455919047,-0.015067139802653062,Reflation
2023-10,-0.022363223483037875,-0.050483440957641124,0.0030789422026935576,-0.02707983529197666,Reflation
2023-11,0.08972507356712933,-0.03377130167673692,0.0029183972203830066,0.02349650168101025,Reflation
2023-12,0.0434227145153252,-0.03371288281196938,0.002437575832169969,0.03535755795310647,Stagflation
2024-01,0.01366205821550226,0.037408707986095635,0.0012464508973257793,-0.002541806695555038,Reflation
2024-02,0.04909716683844767,0.005399478730917062,0.000268028225931749,-0.011168443704101527,Reflation
2024-03,0.027620949384936644,0.04374340090730611,-6.438638898242921e-05,-0.0009189329374038602,Recovery
2024-04,-0.042922564384821116,0.00851249799278131,0.002191233551528171,-0.02171520663018367,Reflation
2024-05,0.04907576201215713,-0.018091931233447656,0.0038875249461165495,0.007494106968947145,Stagflation
2024-06,0.03631525760561871,0.013704289466428987,0.004786965517094455,0.016058346962940284,Stagflation
2024-07,0.010477819180405135,-0.04386506003219803,0.002651805503732785,0.006104348644158097,Stagflation
2024-08,0.022648530884105567,-0.023965557811113647,0.00263197354344058,0.028524597929708406,Reflation
2024-09,0.019182791774575936,-0.005398537949670601,0.0017961647793467428,0.011566986992107564,Reflation
2024-10,-0.011890442274949509,0.0033694297014861263,0.000899365926245288,-0.026281328513358737,Reflation
2024-11,0.055700345575591115,0.0036576871822497914,0.0008390227194221556,-0.017575311768100788,Reflation
2024-12,-0.027145200730706254,0.026073177252019075,0.00015841152294493455,-0.0018597280470856736,Reflation
2025-01,0.023474404981189467,0.021485754909525756,-0.0007610312859568369,-0.017340194882760174,Recovery
2025-02,-0.015264335670036044,-0.013545809836365885,0.0012627652009256085,0.014175364845151917,Overheat
2025-03,-0.056657076563621844,0.02935182683280879,0.0031673671372953738,0.015271686888586489,Overheat
2025-04,-0.008384619203470778,-0.08586209848382675,0.0018885688350367413,0.0019468080124382947,Overheat
2025-05,0.06189097604425409,0.015116993387600752,0.002546325608716593,-0.0072189792693323485,Stagflation
2025-06,0.04818799730110013,0.0360944414334885,0.0009805574999610656,0.003931389964793253,Reflation
2025-07,0.020113244124191132,0.021186165805751278,0.0012552903134692706,0.0006649716453166477,Reflation
2025-08,0.01673087145863228,-0.0077480412670797305,-4.9139732727909724e-05,0.009243497318720761,Reflation
2025-09,0.033450341174005915,0.0008044834452505256,0.00031483579803359696,0.01036850175021975,Stagflation
2025-11,-7.17278793428422e-05,-0.002651582819244047,0.0006256379532583178,-0.001236331367560517,Stagflation
2026-01,0.012769997855370807,0.09166270028849621,0.0012644133434174254,-0.003153039762636589,Stagflation
2026-02,-0.010242543143338723,0.02151997665026295,0.0003290905759480989,0.0064211579022372955,Stagflation
2026-03,-0.05794520683904847,0.212326744873774,-0.005594702784093797,-0.013493037494991866,Stagflation
2026-04,0.09789959884162247,0.027631618307721872,-0.00337047221729192,-0.007709368309532172,Recovery
2026-05,0.04767843450884235,-0.09738662781930363,-0.0017210034163825938,-0.012271110459040946,Recovery
2026-06,-0.005320897265039148,-0.10130642223962205,0.007305681695172206,0.008694884154017757,Overheat
2026-07,-0.0013706135224018645,0.10996681220383508,0.0023698960076679043,-0.006107192327222899,Overheat
2026-08,0.023181095338404845,0.043491357271606246,-0.0008567888043908845,-0.005704258609148138,Overheat
